ID_Cliente,Razão Social,CNPJ,Cidade,Consultor,Data Cadastro,Área (ha),Cultura Principal,Status,Regional,Gerente Regional,Unidade de Negócio,Área Soja (ha),Área Milho (ha),Potencial R$/ha,Potencial,SoW_declarado,fat_12m,ytd_26,ytd_25,ult_compra,dias_sem_compra,share_real,segmentos_12m,seg_faltantes,ult_contato,ult_status_lead,ult_assunto,dias_ult_contato,gap_rs,var_yoy,ativo_real,s_oportunidade,s_queda,s_recencia,s_lead,score,faixa,acao_principal
1001,Dois Marcos Agropecuária,27.854.204/0001-96,Bagé,Anderson Prati,2024-02-19,480.0,Soja,Ativo,Fronteira Oeste,Marcelo Ferrão,Sul,215,161,2600,977600,0.82,137724.99,63242.86,163421.75,2026-09-01,19.0,0.14088071808510638,"['Especialidades', 'Fertilizantes', 'Proteção de Cultivos']",['Sementes'],2026-08-12,Perdido,Agronômico,39.0,51423.97320512819,-0.6130083051980535,True,0.1464968152866242,0.6130083051980535,0.0,0.5,31.0,Manter,Recuperar volume
1002,Recanto Cerealista,13.674.303/0001-93,Dom Pedrito,Anderson Prati,2024-07-08,1500.0,Soja/Milho,Ativo,Fronteira Oeste,Marcelo Ferrão,Sul,925,274,3400,4076600,0.18,253434.7,125922.95,116125.61,2026-05-10,133.0,0.06216815483491145,"['Especialidades', 'Proteção de Cultivos', 'Sementes']",['Fertilizantes'],2025-06-02,Sem retorno,Reclamação,475.0,535318.0244292405,0.08436846962526179,True,0.821656050955414,0.0,0.30416666666666664,0.6,49.0,Planejar,Ampliar share
1003,São João Agrícola,29.320.881/0001-53,Itaqui,Anderson Prati,2017-02-13,700.0,Soja/Milho,Ativo,Fronteira Oeste,Marcelo Ferrão,Sul,439,238,2200,1489400,0.39,112500.43,112500.43,165857.62,2026-05-17,126.0,0.0755340606955821,"['Fertilizantes', 'Proteção de Cultivos', 'Sementes']",['Especialidades'],2025-09-15,Em negociação,Renegociação,370.0,175673.12339373765,-0.32170478510423584,True,0.4840764331210191,0.32170478510423584,0.275,1.0,52.0,Planejar,Destravar negociação
1004,Sanga Funda Agropecuária,58.180.665/0001-47,Quaraí,Anderson Prati,2021-10-07,1500.0,Soja,Ativo,Fronteira Oeste,Marcelo Ferrão,Sul,608,175,3000,2349000,0.34,352296.19,318067.16000000003,93142.79000000001,2026-06-08,104.0,0.14997709237973605,"['Especialidades', 'Proteção de Cultivos', 'Sementes']",['Fertilizantes'],2026-09-09,Perdido,Cotação,11.0,102195.33472263307,2.4148339340060567,True,0.3375796178343949,0.0,0.18333333333333332,0.5,26.0,Manter,Ampliar share
1005,Vista Alegre Estância,58.384.564/0001-91,São Gabriel,Anderson Prati,2021-03-12,480.0,Soja/Milho,Ativo,Fronteira Oeste,Marcelo Ferrão,Sul,354,169,3000,1569000,0.65,154175.22999999998,110483.32999999999,130994.47,2026-09-04,16.0,0.09826337157425111,"['Especialidades', 'Fertilizantes', 'Proteção de Cultivos', 'Sementes']",[],2026-04-24,Aberto,Renegociação,149.0,149399.56876109465,-0.15658019762208297,True,0.445859872611465,0.15658019762208297,0.0,1.0,42.0,Planejar,Destravar negociação
1006,Nova Esperança Agrícola,58.376.755/0001-98,Dom Pedrito,Anderson Prati,2024-04-22,300.0,Soja,Ativo,Fronteira Oeste,Marcelo Ferrão,Sul,227,64,3000,873000,0.12,54912.59,0.0,45101.66,2025-12-12,282.0,0.06290101947308133,['Fertilizantes'],"['Sementes', 'Proteção de Cultivos', 'Especialidades']",2025-09-20,Perdido,Renegociação,365.0,113998.05328772188,-1.0,False,0.4012738853503185,1.0,0.925,0.5,65.0,Atacar agora,Reativar
1007,Vista Alegre Agropecuária,18.316.680/0001-50,Alegrete,Anderson Prati,2019-11-16,900.0,Arroz,Ativo,Fronteira Oeste,Marcelo Ferrão,Sul,544,196,2600,1924000,,108775.27,32019.55,28869.55,2026-05-04,139.0,0.05653600311850312,"['Fertilizantes', 'Proteção de Cultivos', 'Sementes']",['Especialidades'],2026-08-26,Aberto,Pós-venda,25.0,263485.9873717948,0.10911150329672603,True,0.6305732484076433,0.0,0.32916666666666666,0.2777777777777778,36.0,Manter,Ampliar share
1008,Passo Fundo Estância,78.369.864/0001-84,São Borja,Anderson Prati,2022-10-13,480.0,Milho,Ativo,Fronteira Oeste,Marcelo Ferrão,Sul,304,160,2600,1206400,0.08,347868.87,175911.37,250418.7,2026-09-07,13.0,0.2883528431697613,"['Especialidades', 'Fertilizantes', 'Proteção de Cultivos', 'Sementes']",[],2026-07-09,Aberto,Agronômico,73.0,0.0,-0.29753101505598434,True,0.0,0.29753101505598434,0.0,0.8111111111111111,24.0,Manter,Destravar negociação
1009,Faxinal Agro,29.742.263/0001-97,São Gabriel,Anderson Prati,2022-10-03,120.0,Soja/Trigo,Ativo,Fronteira Oeste,Marcelo Ferrão,Sul,94,26,2200,264000,0.53,33641.66,33641.66,106789.5,2026-08-14,37.0,0.1274305303030303,"['Especialidades', 'Fertilizantes', 'Sementes']",['Proteção de Cultivos'],2026-01-01,Em negociação,Renegociação,262.0,17437.847248520702,-0.6849722116874786,True,0.044585987261146494,0.6849722116874786,0.0,1.0,39.0,Manter,Destravar negociação
1010,Sobradinho Estância,97.649.868/0001-44,Uruguaiana,Anderson Prati,2021-02-10,3200.0,Arroz,Ativo,Fronteira Oeste,Marcelo Ferrão,Sul,1521,536,3000,6171000,0.29,236405.24000000002,75710.51000000001,96417.82,2026-05-21,122.0,0.03830906498136445,"['Fertilizantes', 'Proteção de Cultivos', 'Sementes']",['Especialidades'],,,,,957578.2419341714,-0.21476641973444321,True,0.9171974522292994,0.21476641973444321,0.25833333333333336,0.4,54.0,Planejar,Ampliar share
1011,São João Estância,90.405.961/0001-91,São Borja,Anderson Prati,2024-10-07,1500.0,Milho,Ativo,Fronteira Oeste,Marcelo Ferrão,Sul,963,225,2200,2613600,0.19,143049.98,143049.98,112367.93000000001,2026-02-08,224.0,0.054732927762473224,"['Fertilizantes', 'Sementes']","['Proteção de Cultivos', 'Especialidades']",,,,,362637.141760355,0.27304988175896816,False,0.7006369426751592,0.0,0.6833333333333333,0.4,46.0,Planejar,Reativar
1012,Santa Fé Agropecuária,24.471.999/0001-49,Alegrete,Anderson Prati,2019-01-08,,Soja,Ativo,Fronteira Oeste,Marcelo Ferrão,Sul,115,70,1800,333000,0.17,187133.79,69030.04000000001,86007.20999999999,2026-07-18,64.0,0.5619633333333334,"['Especialidades', 'Proteção de Cultivos', 'Sementes']",['Fertilizantes'],2025-10-09,Em negociação,Pós-venda,346.0,0.0,-0.19739240466002772,True,0.0,0.19739240466002772,0.016666666666666666,1.0,25.0,Manter,Destravar negociação
1013,Recanto Agro,26.775.586/0001-80,São Gabriel,Anderson Prati,2018-05-17,1500.0,Arroz,Ativo,Fronteira Oeste,Marcelo Ferrão,Sul,730,335,2200,2343000,0.64,394434.27,186795.56,33562.35,2026-08-11,40.0,0.16834582586427657,"['Especialidades', 'Fertilizantes', 'Proteção de Cultivos', 'Sementes']",[],2025-07-03,Em negociação,Pós-venda,444.0,58896.356830621255,4.565628151783174,True,0.18471337579617833,0.0,0.0,1.0,27.0,Manter,Destravar negociação
1014,Palmares Cerealista,66.629.562/0001-25,Bagé,Anderson Prati,2019-04-03,900.0,Soja/Trigo,Ativo,Fronteira Oeste,Marcelo Ferrão,Sul,699,240,2600,2441400,0.17,101038.47,101038.47,32892.15,2026-09-09,11.0,0.04138546325878594,"['Proteção de Cultivos', 'Sementes']","['Fertilizantes', 'Especialidades']",2026-01-11,Perdido,Agronômico,252.0,371330.88225961535,2.0718110552213824,True,0.7133757961783439,0.0,0.0,0.5,39.0,Manter,Ampliar share
1015,Vista Alegre Cerealista,39.169.132/0001-52,Uruguaiana,Anderson Prati,2017-09-08,,Arroz,Ativo,Fronteira Oeste,Marcelo Ferrão,Sul,485,203,1800,1238400,0.44,141184.5,141184.5,338082.88,2026-09-19,1.0,0.11400557170542636,"['Especialidades', 'Fertilizantes', 'Proteção de Cultivos', 'Sementes']",[],2026-03-07,Em negociação,Cotação,197.0,98424.82491124258,-0.5823967779734958,True,0.3184713375796178,0.5823967779734958,0.0,1.0,47.0,Planejar,Destravar negociação
1016,Palmares Agrícola,62.294.196/0001-22,Quaraí,Anderson Prati,2022-06-14,480.0,Soja,Ativo,Fronteira Oeste,Marcelo Ferrão,Sul,381,185,3400,1924400,,157745.19,144214.58000000002,92603.1,2026-08-01,50.0,0.08197110268135523,"['Especialidades', 'Fertilizantes', 'Proteção de Cultivos', 'Sementes']",[],2026-03-02,Em negociação,Prospecção,202.0,214593.4605645956,0.5573407369731684,True,0.5477707006369427,0.0,0.0,1.0,42.0,Planejar,Destravar negociação
1017,Guarita Agropecuária,41.296.294/0001-78,Itaqui,Anderson Prati,2023-03-14,700.0,Arroz,Ativo,Fronteira Oeste,Marcelo Ferrão,Sul,454,156,2200,1342000,0.78,241875.78,225473.05000000002,179323.05,2026-08-25,26.0,0.18023530551415798,"['Especialidades', 'Fertilizantes', 'Proteção de Cultivos', 'Sementes']",[],2026-09-01,Perdido,Prospecção,19.0,17778.381846646924,0.25735676478846425,True,0.050955414012738856,0.0,0.0,0.5,12.0,Manter,Ampliar share
1018,Ipê Fazenda,16.767.653/0001-11,Quaraí,Anderson Prati,2017-04-06,1500.0,Arroz,Ativo,Fronteira Oeste,Marcelo Ferrão,Sul,1027,446,3400,5008200,0.26,472287.84,281805.21,160685.69,2026-06-18,94.0,0.09430291122559004,"['Especialidades', 'Fertilizantes', 'Proteção de Cultivos', 'Sementes']",[],,,,,496713.630462278,0.7537666857577674,True,0.7770700636942676,0.0,0.14166666666666666,0.4,41.0,Planejar,Ampliar share
1019,Palmares Sementes,10.499.371/0001-68,Uruguaiana,Anderson Prati,2020-07-23,300.0,Soja/Trigo,Inativo,Fronteira Oeste,Marcelo Ferrão,Sul,144,60,2200,448800,0.63,0.0,0.0,27317.89,2025-09-04,381.0,0.0,[],"['Fertilizantes', 'Sementes', 'Proteção de Cultivos', 'Especialidades']",2025-08-24,Perdido,Renegociação,392.0,86835.1623224852,-1.0,False,0.267515923566879,1.0,1.0,0.5,61.0,Atacar agora,Reativar
1020,Bom Retiro Agrícola,17.693.853/0001-79,Dom Pedrito,Bruna Tessaro,2016-12-11,540.0,Soja/Trigo,Ativo,Fronteira Oeste,Marcelo Ferrão,Sul,424,100,3000,1572000,0.2,110144.01000000001,92812.68,113365.78,2026-08-09,42.0,0.07006616412213741,"['Especialidades', 'Fertilizantes', 'Proteção de Cultivos', 'Sementes']",[],2026-08-18,Sem retorno,Cotação,33.0,194011.23770710058,-0.1812989775221412,True,0.535031847133758,0.1812989775221412,0.0,0.6,38.0,Manter,Ampliar share
1021,Herval Agrícola,33.170.709/0001-18,Uruguaiana,Bruna Tessaro,2019-07-04,1500.0,Soja/Trigo,Inativo,Fronteira Oeste,Marcelo Ferrão,Sul,819,176,3400,3383000,0.25,21659.36,21659.36,0.0,2026-08-07,44.0,0.006402412060301507,['Proteção de Cultivos'],"['Fertilizantes', 'Sementes', 'Especialidades']",2026-06-15,Perdido,Renegociação,97.0,632893.5681126725,,True,0.8535031847133758,0.0,0.0,0.5,44.0,Planejar,Ampliar share
1022,Ipê Agropecuária,82.635.423/0001-43,São Gabriel,Bruna Tessaro,2019-11-23,900.0,Soja/Milho,Ativo,Fronteira Oeste,Marcelo Ferrão,Sul,702,346,1800,1886400,0.24,412508.12,312673.14,472963.08999999997,2026-09-03,17.0,0.21867478795589482,"['Especialidades', 'Fertilizantes', 'Proteção de Cultivos', 'Sementes']",[],,,,,0.0,-0.3389058330111975,True,0.0,0.3389058330111975,0.0,0.4,16.0,Manter,Recuperar volume
1023,Piraí Agrícola,19.109.569/0001-89,Bagé,Bruna Tessaro,2017-02-18,1200.0,Soja/Milho,Ativo,Fronteira Oeste,Marcelo Ferrão,Sul,518,420,3400,3189200,0.07,771355.28,504208.83999999997,236747.76,2026-09-18,2.0,0.24186481876332624,"['Especialidades', 'Fertilizantes', 'Proteção de Cultivos', 'Sementes']",[],2026-08-23,Em negociação,Cotação,28.0,0.0,1.1297301397909738,True,0.0,0.0,0.0,0.3111111111111111,6.0,Manter,Manter relacionamento
1024,Coxilha Granja,46.261.548/0001-79,São Gabriel,Bruna Tessaro,2020-10-26,480.0,Soja,Ativo,Fronteira Oeste,Marcelo Ferrão,Sul,380,86,3000,1398000,0.36,25231.1,9999.02,130304.37,2026-07-01,81.0,0.01804799713876967,"['Especialidades', 'Fertilizantes']","['Sementes', 'Proteção de Cultivos']",2026-03-26,Sem retorno,Cotação,178.0,245258.10883875735,-0.9232641238356012,True,0.5923566878980892,0.9232641238356012,0.0875,0.6,60.0,Atacar agora,Recuperar volume
1025,União Fazenda,23.860.666/0001-29,São Borja,Bruna Tessaro,2020-05-20,540.0,Soja/Milho,Ativo,Fronteira Oeste,Marcelo Ferrão,Sul,365,163,3000,1584000,0.41,28431.97,13496.26,79046.24,2026-01-12,251.0,0.01794947601010101,['Especialidades'],"['Fertilizantes', 'Sementes', 'Proteção de Cultivos']",,,,,278045.0734911242,-0.8292612020508503,False,0.6496815286624203,0.8292612020508503,0.7958333333333333,0.4,67.0,Atacar agora,Reativar
1026,Palmares Estância,21.749.533/0001-45,Quaraí,Bruna Tessaro,2016-01-11,,Soja/Milho,Ativo,Fronteira Oeste,Marcelo Ferrão,Sul,548,253,2600,2082600,0.8,435874.52999999997,243801.3,313219.04,2026-07-05,77.0,0.20929344569288388,"['Especialidades', 'Fertilizantes', 'Proteção de Cultivos', 'Sementes']",[],2026-06-01,Ganho,Reclamação,111.0,0.0,-0.2216268206428319,True,0.0,0.2216268206428319,0.07083333333333333,0.0,7.0,Manter,Manter relacionamento
1027,Rincão Agro,24.177.807/0001-29,Itaqui,Bruna Tessaro,2024-01-27,,Soja/Trigo,Ativo,Fronteira Oeste,Marcelo Ferrão,Sul,427,128,2200,1221000,0.5,190400.08000000002,164559.62,110540.99,2026-09-03,17.0,0.15593782145782148,"['Especialidades', 'Fertilizantes', 'Proteção de Cultivos', 'Sementes']",[],2026-07-07,Perdido,Reclamação,75.0,45842.64102440825,0.4886751059493857,True,0.11464968152866242,0.0,0.0,0.5,15.0,Manter,Ampliar share
1028,Passo Fundo Sementes,56.915.981/0001-15,São Borja,Bruna Tessaro,2021-04-22,120.0,Soja,Ativo,Fronteira Oeste,Marcelo Ferrão,Sul,96,22,3000,354000,0.53,110396.2,104662.43,89737.82,2026-08-16,35.0,0.31185367231638417,"['Especialidades', 'Fertilizantes', 'Proteção de Cultivos', 'Sementes']",[],,,,,0.0,0.16631348967469894,True,0.0,0.0,0.0,0.4,8.0,Manter,Primeiro contato
1029,Guajuviras Sementes,32.522.125/0001-32,São Borja,Bruna Tessaro,2021-07-26,480.0,Milho,Ativo,Fronteira Oeste,Marcelo Ferrão,Sul,289,187,1800,856800,0.77,52508.73,52508.73,51277.81,2026-06-18,94.0,0.061284698879551826,['Fertilizantes'],"['Sementes', 'Proteção de Cultivos', 'Especialidades']",2026-01-22,Ganho,Agronômico,241.0,113267.48897928992,0.024004925327349325,True,0.39490445859872614,0.0,0.14166666666666666,0.0,18.0,Manter,Ampliar share
1030,Bela Vista Agrícola,70.327.304/0001-68,São Gabriel,Bruna Tessaro,2021-05-27,,Milho,Ativo,Fronteira Oeste,Marcelo Ferrão,Sul,86,41,2600,330200,,181697.15,125265.25,126712.67,2026-09-08,12.0,0.5502639309509388,"['Especialidades', 'Fertilizantes', 'Proteção de Cultivos', 'Sementes']",[],2026-02-19,Aberto,Renegociação,213.0,0.0,-0.01142285140073207,True,0.0,0.01142285140073207,0.0,1.0,20.0,Manter,Destravar negociação
1031,Vista Alegre Agropecuária,45.985.171/0001-45,Dom Pedrito,Bruna Tessaro,2021-11-17,900.0,Soja/Trigo,Ativo,Fronteira Oeste,Marcelo Ferrão,Sul,611,92,2600,1827800,0.8,642380.5,546784.8099999999,267354.3,2026-09-07,13.0,0.35145010395010395,"['Especialidades', 'Fertilizantes', 'Proteção de Cultivos', 'Sementes']",[],2026-07-20,Perdido,Agronômico,62.0,0.0,1.0451693127808306,True,0.0,0.0,0.0,0.5,10.0,Manter,Manter relacionamento
1032,Arvoredo Agropecuária,84.371.139/0001-23,São Gabriel,Bruna Tessaro,2022-06-24,540.0,Arroz,Ativo,Fronteira Oeste,Marcelo Ferrão,Sul,414,104,1800,932400,0.2,145728.83000000002,145728.83000000002,113872.38,2026-08-12,39.0,0.15629432646932648,"['Fertilizantes', 'Sementes']","['Proteção de Cultivos', 'Especialidades']",,,,,34674.702418639004,0.2797557230295882,True,0.08280254777070063,0.0,0.0,0.4,11.0,Manter,Ampliar share
1033,Faxinal Fazenda,42.145.825/0001-65,Itaqui,Bruna Tessaro,2016-09-26,2000.0,Milho,Ativo,Fronteira Oeste,Marcelo Ferrão,Sul,1119,286,2600,3653000,0.37,226112.40000000002,187162.52000000002,511661.58,2026-08-09,42.0,0.061897727894880926,"['Especialidades', 'Fertilizantes', 'Proteção de Cultivos']",['Sementes'],2026-09-09,Ganho,Renegociação,11.0,480680.93325320503,-0.6342064221433237,True,0.7579617834394905,0.6342064221433237,0.0,0.0,46.0,Planejar,Recuperar volume
1034,Charrua Sementes,89.421.779/0001-25,São Gabriel,Bruna Tessaro,2020-09-10,3200.0,Soja/Milho,Ativo,Fronteira Oeste,Marcelo Ferrão,Sul,2361,494,2200,6281000,,760115.03,459326.86,452259.88,2026-08-09,42.0,0.12101815475242796,"['Especialidades', 'Fertilizantes', 'Proteção de Cultivos', 'Sementes']",[],2026-06-26,Ganho,Prospecção,86.0,455151.5799543883,0.015625927287647112,True,0.7515923566878981,0.0,0.0,0.0,30.0,Manter,Ampliar share
1035,Piraí Estância,95.488.793/0001-32,São Borja,Bruna Tessaro,2020-07-18,480.0,Soja/Milho,Ativo,Fronteira Oeste,Marcelo Ferrão,Sul,359,88,2200,983400,0.62,255721.5,190145.44,170223.22,2026-06-29,83.0,0.26003813300793166,"['Especialidades', 'Fertilizantes', 'Proteção de Cultivos', 'Sementes']",[],2026-01-13,Aberto,Pós-venda,250.0,0.0,0.11703585445040932,True,0.0,0.0,0.09583333333333334,1.0,21.0,Manter,Destravar negociação
1036,Progresso Cerealista,93.429.576/0001-66,Itaqui,Bruna Tessaro,2023-11-07,2000.0,Milho,Ativo,Fronteira Oeste,Marcelo Ferrão,Sul,1590,359,3000,5847000,0.7,193937.03,136857.07,353440.35000000003,2026-07-26,56.0,0.03316863861809475,"['Especialidades', 'Proteção de Cultivos', 'Sementes']",['Fertilizantes'],2026-01-18,Em negociação,Cotação,245.0,937357.9657655323,-0.6127859481805062,True,0.910828025477707,0.6127859481805062,0.0,1.0,72.0,Atacar agora,Destravar negociação
1037,Recanto Estância,96.417.330/0001-35,Alegrete,Bruna Tessaro,2018-01-02,250.0,Arroz,Ativo,Fronteira Oeste,Marcelo Ferrão,Sul,105,75,2600,468000,0.52,64873.96,64873.96,52334.880000000005,2026-07-06,76.0,0.13861957264957264,"['Especialidades', 'Proteção de Cultivos']","['Fertilizantes', 'Sementes']",2026-01-13,Em negociação,Renegociação,250.0,25676.075576923067,0.23959317380683776,True,0.07006369426751592,0.0,0.06666666666666667,1.0,24.0,Manter,Destravar negociação
1038,Nova Esperança Agro,34.835.813/0001-59,Itaqui,Bruna Tessaro,2023-07-08,3200.0,Soja,Ativo,Fronteira Oeste,Marcelo Ferrão,Sul,1597,1181,3000,8334000,0.29,611454.72,476617.64,600198.9400000001,2026-08-14,37.0,0.07336869690424766,"['Especialidades', 'Fertilizantes', 'Proteção de Cultivos', 'Sementes']",[],2026-06-16,Ganho,Reclamação,96.0,1001032.4520044378,-0.2059005635698058,True,0.9299363057324841,0.2059005635698058,0.0,0.0,42.0,Planejar,Ampliar share
1039,Guarita Sementes,69.151.670/0001-41,Dom Pedrito,Cléber Minuzzi,2017-08-05,300.0,Soja/Trigo,Ativo,Campanha,Patrícia Nunes,Sul,158,58,1800,388800,0.38,44885.17999999999,36733.84,81438.67,2026-05-10,133.0,0.11544542181069957,"['Especialidades', 'Fertilizantes', 'Proteção de Cultivos']",['Sementes'],2026-04-22,Ganho,Agronômico,151.0,30341.003402366856,-0.5489386061928565,True,0.07643312101910828,0.5489386061928565,0.30416666666666664,0.0,21.0,Manter,Recuperar volume
1040,Campo Novo Agro,30.861.982/0001-70,Itaqui,Cléber Minuzzi,2023-05-25,1500.0,Soja/Milho,Ativo,Campanha,Patrícia Nunes,Sul,995,356,1800,2431800,0.59,87565.99,87565.99,37352.88,2026-09-09,11.0,0.03600871371000905,['Sementes'],"['Fertilizantes', 'Proteção de Cultivos', 'Especialidades']",2026-08-25,Aberto,Agronômico,26.0,382945.9256323964,1.3442901859240846,True,0.7197452229299363,0.0,0.0,0.28888888888888886,35.0,Manter,Ampliar share
1041,Santa Fé Agro,19.830.392/0001-40,Dom Pedrito,Cléber Minuzzi,2020-06-11,540.0,Soja,Inativo,Campanha,Patrícia Nunes,Sul,220,141,1800,649800,0.47,36393.87,32179.71,0.0,2026-05-03,140.0,0.056007802400738695,"['Especialidades', 'Proteção de Cultivos', 'Sementes']",['Fertilizantes'],2026-09-07,Perdido,Renegociação,13.0,89331.37170488163,,True,0.27388535031847133,0.0,0.3333333333333333,0.5,26.0,Manter,Ampliar share
1042,Coxilha Agrícola,37.165.524/0001-62,Dom Pedrito,Cléber Minuzzi,2021-09-15,900.0,Milho,Ativo,Campanha,Patrícia Nunes,Sul,488,135,1800,1121400,,202072.88,176725.63,185015.97,2026-09-01,19.0,0.18019696807561977,"['Especialidades', 'Fertilizantes', 'Proteção de Cultivos', 'Sementes']",[],2026-07-12,Em negociação,Renegociação,70.0,14898.936017011816,-0.04480878056094295,True,0.03821656050955414,0.04480878056094295,0.0,0.7777777777777778,18.0,Manter,Destravar negociação
1043,Lajeado Sementes,71.106.460/0001-48,Uruguaiana,Cléber Minuzzi,2022-07-18,2000.0,Soja/Trigo,Ativo,Campanha,Patrícia Nunes,Sul,1384,468,3400,6296800,0.18,17414.88,17414.88,86807.94,2026-01-04,259.0,0.00276567145216618,['Especialidades'],"['Fertilizantes', 'Sementes', 'Proteção de Cultivos']",2025-07-22,Em negociação,Pós-venda,425.0,1200908.7610700198,-0.7993860930232879,False,0.9617834394904459,0.7993860930232879,0.8291666666666667,1.0,91.0,Atacar agora,Destravar negociação
1044,Vista Alegre Agro,72.129.498/0001-53,Dom Pedrito,Cléber Minuzzi,2022-12-06,540.0,Milho,Ativo,Campanha,Patrícia Nunes,Sul,294,211,2600,1313000,0.19,504232.64,410287.39,283217.1,2026-09-20,0.0,0.38403095201827875,"['Especialidades', 'Fertilizantes', 'Proteção de Cultivos', 'Sementes']",[],2026-05-24,Aberto,Prospecção,119.0,0.0,0.4486674356880289,True,0.0,0.0,0.0,1.0,20.0,Manter,Destravar negociação
1045,Santa Rita Sementes,27.987.572/0001-33,Uruguaiana,Cléber Minuzzi,2016-05-13,250.0,Arroz,Ativo,Campanha,Patrícia Nunes,Sul,189,63,3000,756000,0.73,212106.16,174395.25,80597.45999999999,2026-09-08,12.0,0.2805637037037037,"['Especialidades', 'Fertilizantes', 'Sementes']",['Proteção de Cultivos'],2026-07-17,Sem retorno,Renegociação,65.0,0.0,1.1637809677873228,True,0.0,0.0,0.0,0.6,12.0,Manter,Manter relacionamento
1046,Campo Novo Granja,42.954.183/0001-70,Itaqui,Cléber Minuzzi,2016-12-18,540.0,Soja/Milho,Ativo,Campanha,Patrícia Nunes,Sul,357,164,1800,937800,,205839.01,198865.16,62124.07,2026-09-17,3.0,0.21949137342716998,"['Especialidades', 'Fertilizantes', 'Proteção de Cultivos', 'Sementes']",[],2026-09-17,Aberto,Pós-venda,3.0,0.0,2.201096772957728,True,0.0,0.0,0.0,0.2,4.0,Manter,Manter relacionamento
1047,Vista Alegre Fazenda,35.959.120/0001-89,Uruguaiana,Cléber Minuzzi,2018-04-05,120.0,Soja,Ativo,Campanha,Patrícia Nunes,Sul,57,47,1800,187200,0.38,364697.73,125142.3,168630.86000000002,2026-08-06,45.0,1.9481716346153846,"['Especialidades', 'Fertilizantes', 'Proteção de Cultivos', 'Sementes']",[],2026-08-24,Em negociação,Prospecção,27.0,0.0,-0.2578920608007337,True,0.0,0.2578920608007337,0.0,0.3,12.0,Manter,Recuperar volume
1048,Palmares Agro,87.721.865/0001-24,Bagé,Cléber Minuzzi,2018-05-04,700.0,Soja/Milho,Ativo,Campanha,Patrícia Nunes,Sul,376,226,2200,1324400,0.41,207179.1,146484.06,57217.62,2026-06-05,107.0,0.15643242222893386,"['Especialidades', 'Fertilizantes', 'Proteção de Cultivos', 'Sementes']",[],2026-07-03,Aberto,Agronômico,79.0,49069.761363412195,1.5601215150158287,True,0.14012738853503184,0.0,0.19583333333333333,0.8777777777777778,26.0,Manter,Destravar negociação
1049,Tarumã Sementes,98.950.742/0001-41,Dom Pedrito,Cléber Minuzzi,2017-12-25,250.0,Soja/Trigo,Ativo,Campanha,Patrícia Nunes,Sul,145,68,3000,639000,0.38,167544.39,80468.71,208466.18,2026-09-03,17.0,0.26219779342723004,"['Especialidades', 'Fertilizantes', 'Proteção de Cultivos', 'Sementes']",[],2026-06-16,Em negociação,Cotação,96.0,0.0,-0.6139963326425417,True,0.0,0.6139963326425417,0.0,1.0,35.0,Manter,Destravar negociação
1050,Dois Marcos Agropecuária,94.479.170/0001-74,Alegrete,Cléber Minuzzi,2021-01-28,1500.0,Arroz,Ativo,Campanha,Patrícia Nunes,Sul,717,152,2600,2259400,0.57,834827.28,559958.87,286100.68,2026-09-17,3.0,0.369490696645127,"['Especialidades', 'Fertilizantes', 'Proteção de Cultivos', 'Sementes']",[],2026-06-06,Sem retorno,Prospecção,106.0,0.0,0.9572091544836594,True,0.0,0.0,0.0,0.6,12.0,Manter,Manter relacionamento
1051,Guarita Sementes,29.545.280/0001-76,Alegrete,Cléber Minuzzi,2020-10-26,3200.0,Arroz,Inativo,Campanha,Patrícia Nunes,Sul,1340,1053,2600,6221800,0.7,25598.4,25598.4,218963.83000000002,2026-08-26,25.0,0.004114307756597769,['Especialidades'],"['Fertilizantes', 'Sementes', 'Proteção de Cultivos']",,,,,1178214.0174198716,-0.8830930204317307,True,0.9554140127388535,0.8830930204317307,0.0,0.4,68.0,Atacar agora,Recuperar volume
1052,Sobradinho Sementes,21.385.561/0001-41,Bagé,Cléber Minuzzi,2023-10-20,700.0,Soja/Milho,Ativo,Campanha,Patrícia Nunes,Sul,541,83,2600,1622400,0.47,313906.79,179402.32,193949.22,2026-08-03,48.0,0.19348298200197236,"['Especialidades', 'Fertilizantes', 'Proteção de Cultivos', 'Sementes']",[],2026-06-22,Aberto,Reclamação,90.0,0.0,-0.07500365301804257,True,0.0,0.07500365301804257,0.0,1.0,22.0,Manter,Destravar negociação
1053,Santa Rita Agro,37.463.916/0001-43,Alegrete,Cléber Minuzzi,2021-05-20,300.0,Soja/Milho,Ativo,Campanha,Patrícia Nunes,Sul,238,33,2200,596200,0.6,90577.31,90577.31,117329.47,2026-08-31,20.0,0.15192437101643744,"['Especialidades', 'Proteção de Cultivos', 'Sementes']",['Fertilizantes'],2026-07-18,Aberto,Prospecção,64.0,24777.24386957592,-0.2280088710875452,True,0.06369426751592357,0.2280088710875452,0.0,0.7111111111111111,22.0,Manter,Destravar negociação
1054,São João Cerealista,72.668.876/0001-40,São Gabriel,Cléber Minuzzi,2023-11-23,480.0,Soja,Ativo,Campanha,Patrícia Nunes,Sul,332,57,2200,855800,0.58,123369.79,118148.84999999999,88609.92,2026-08-13,38.0,0.14415726805328347,"['Especialidades', 'Fertilizantes', 'Proteção de Cultivos']",['Sementes'],2026-08-18,Ganho,Reclamação,33.0,42212.94599728797,0.3333591769409112,True,0.10191082802547771,0.0,0.0,0.0,4.0,Manter,Ampliar share
1055,Recanto Estância,49.779.695/0001-57,Dom Pedrito,Cléber Minuzzi,2023-09-17,900.0,Soja/Trigo,Ativo,Campanha,Patrícia Nunes,Sul,700,122,1800,1479600,0.23,200414.4,163056.85,272526.5,2026-07-07,75.0,0.13545174371451743,"['Fertilizantes', 'Proteção de Cultivos', 'Sementes']",['Especialidades'],2026-08-06,Ganho,Pós-venda,45.0,85863.02017011834,-0.40168442334965593,True,0.2611464968152866,0.40168442334965593,0.0625,0.0,21.0,Manter,Recuperar volume
1056,Arvoredo Granja,42.336.223/0001-34,Quaraí,Cléber Minuzzi,2021-02-24,540.0,Milho,Ativo,Campanha,Patrícia Nunes,Sul,340,182,2200,1148400,0.47,296088.36,217363.47,180559.18,2026-08-18,33.0,0.25782685475444095,"['Especialidades', 'Fertilizantes', 'Proteção de Cultivos', 'Sementes']",[],2026-08-01,Sem retorno,Prospecção,50.0,0.0,0.20383505286189285,True,0.0,0.0,0.0,0.6,12.0,Manter,Manter relacionamento
1057,Cerro Azul Cerealista,77.711.389/0001-22,Quaraí,Cléber Minuzzi,2019-05-08,540.0,Soja/Milho,Ativo,Campanha,Patrícia Nunes,Sul,352,68,2200,924000,0.21,28793.77,13494.43,8299.06,2026-02-05,227.0,0.031162088744588746,"['Especialidades', 'Fertilizantes', 'Proteção de Cultivos']",['Sementes'],2026-04-30,Aberto,Prospecção,143.0,149984.50536982247,0.626019091318776,False,0.4585987261146497,0.0,0.6958333333333333,1.0,49.0,Planejar,Destravar negociação
1058,São João Agrícola,80.399.814/0001-26,Bagé,Cléber Minuzzi,2023-02-28,,Soja/Milho,Ativo,Campanha,Patrícia Nunes,Sul,110,41,2200,332200,0.36,122965.04000000001,57875.06,47703.520000000004,2026-04-12,161.0,0.370153642384106,"['Fertilizantes', 'Proteção de Cultivos', 'Sementes']",['Especialidades'],2026-09-17,Aberto,Reclamação,3.0,0.0,0.21322409750894677,True,0.0,0.0,0.42083333333333334,0.2,10.0,Manter,Manter relacionamento
1059,Herval Agro,42.982.589/0001-24,Alegrete,Diego Fontoura,2017-07-16,,Soja,Ativo,Campanha,Patrícia Nunes,Sul,329,235,3400,1917600,0.73,226013.34,226013.34,143293.89,2026-09-15,5.0,0.11786260951188986,['Fertilizantes'],"['Sementes', 'Proteção de Cultivos', 'Especialidades']",,,,,145009.62628698224,0.5772712988669648,True,0.4394904458598726,0.0,0.0,0.4,26.0,Manter,Ampliar share
1060,Passo Fundo Agrícola,25.671.882/0001-63,Bagé,Diego Fontoura,2019-09-13,250.0,Arroz,Ativo,Campanha,Patrícia Nunes,Sul,178,51,2600,595400,0.33,63507.58,51984.2,55960.9,2026-09-10,10.0,0.106663721867652,"['Especialidades', 'Sementes']","['Fertilizantes', 'Proteção de Cultivos']",2026-03-13,Em negociação,Agronômico,191.0,51692.18748397434,-0.07106211658497275,True,0.16560509554140126,0.07106211658497275,0.0,1.0,28.0,Manter,Destravar negociação
1061,União Sementes,17.724.857/0001-22,Bagé,Diego Fontoura,2019-11-07,2000.0,Soja,Ativo,Campanha,Patrícia Nunes,Sul,1515,596,2200,4644200,0.17,351055.58999999997,296201.97,131473.87,2026-08-28,23.0,0.07559011024503681,"['Fertilizantes', 'Proteção de Cultivos', 'Sementes']",['Especialidades'],2025-09-04,Ganho,Renegociação,381.0,547518.0750135601,1.252934138167531,True,0.8280254777070064,0.0,0.0,0.0,33.0,Manter,Ampliar share
1062,Rincão Cerealista,30.102.518/0001-67,São Borja,Diego Fontoura,2023-05-02,1500.0,Soja/Milho,Ativo,Campanha,Patrícia Nunes,Sul,690,462,3000,3456000,0.54,559772.79,227348.47999999998,455021.0,2026-09-06,14.0,0.1619712934027778,"['Especialidades', 'Fertilizantes', 'Proteção de Cultivos', 'Sementes']",[],2025-01-07,Perdido,Renegociação,621.0,108904.39579881646,-0.5003560714780197,True,0.37579617834394907,0.5003560714780197,0.0,0.5,38.0,Manter,Recuperar volume
1063,Sobradinho Fazenda,94.923.302/0001-64,Dom Pedrito,Diego Fontoura,2017-09-08,540.0,Soja/Milho,Ativo,Campanha,Patrícia Nunes,Sul,409,152,2200,1234200,,403707.51,396668.16,141403.98,2026-09-10,10.0,0.32710055906660185,"['Especialidades', 'Fertilizantes', 'Proteção de Cultivos', 'Sementes']",[],2026-05-31,Aberto,Cotação,112.0,0.0,1.8052121305213613,True,0.0,0.0,0.0,1.0,20.0,Manter,Destravar negociação
1064,Passo Fundo Fazenda,86.866.944/0001-82,Uruguaiana,Diego Fontoura,2020-08-04,300.0,Soja/Milho,Ativo,Campanha,Patrícia Nunes,Sul,164,73,2200,521400,0.23,18638.789999999997,18638.789999999997,28395.989999999998,2026-05-25,118.0,0.03574758342922899,['Especialidades'],"['Fertilizantes', 'Sementes', 'Proteção de Cultivos']",2026-02-22,Sem retorno,Agronômico,210.0,82243.2368158284,-0.34361189731367003,True,0.2484076433121019,0.34361189731367003,0.24166666666666667,0.6,34.0,Manter,Recuperar volume
1065,Piraí Estância,86.140.542/0001-51,Quaraí,Diego Fontoura,2020-01-03,1200.0,Soja/Trigo,Ativo,Campanha,Patrícia Nunes,Sul,589,274,3400,2934200,0.08,35391.2,16818.22,58067.85,2026-03-30,174.0,0.012061618158271418,"['Especialidades', 'Sementes']","['Fertilizantes', 'Proteção de Cultivos']",2026-03-30,Em negociação,Prospecção,174.0,532326.5657901873,-0.7103695073952281,True,0.8089171974522293,0.7103695073952281,0.475,1.0,77.0,Atacar agora,Destravar negociação
1066,Santa Rita Estância,76.767.552/0001-45,Uruguaiana,Diego Fontoura,2018-10-14,300.0,Arroz,Ativo,Campanha,Patrícia Nunes,Sul,168,112,3400,952000,0.09,92679.38,55584.56,81224.05,2026-08-29,22.0,0.0973522899159664,"['Especialidades', 'Sementes']","['Fertilizantes', 'Proteção de Cultivos']",2026-08-02,Aberto,Reclamação,49.0,91516.4188658777,-0.31566377199856455,True,0.28662420382165604,0.31566377199856455,0.0,0.5444444444444444,30.0,Manter,Destravar negociação
1067,Recanto Agro,51.786.207/0001-30,Alegrete,Diego Fontoura,2021-07-23,900.0,Arroz,Ativo,Campanha,Patrícia Nunes,Sul,427,254,1800,1225800,0.7,436209.80000000005,214106.16,246469.71,2026-08-26,25.0,0.3558572360907163,"['Especialidades', 'Fertilizantes', 'Proteção de Cultivos', 'Sementes']",[],2026-07-01,Em negociação,Cotação,81.0,0.0,-0.1313084273114128,True,0.0,0.1313084273114128,0.0,0.9,21.0,Manter,Destravar negociação
1068,Boa Vista Agro,51.218.891/0001-61,São Gabriel,Diego Fontoura,2024-01-22,700.0,Arroz,Ativo,Campanha,Patrícia Nunes,Sul,512,112,1800,1123200,,124338.62,87773.28,120262.90000000001,2026-02-07,225.0,0.11070033831908832,"['Fertilizantes', 'Proteção de Cultivos']","['Sementes', 'Especialidades']",2025-06-18,Sem retorno,Cotação,459.0,92981.46538461535,-0.2701549688224715,False,0.2929936305732484,0.2701549688224715,0.6875,0.6,41.0,Planejar,Reativar
1069,Lajeado Agropecuária,89.874.610/0001-90,Dom Pedrito,Diego Fontoura,2023-01-07,1500.0,Milho,Ativo,Campanha,Patrícia Nunes,Sul,895,220,1800,2007000,0.73,243942.13,199284.91999999998,71763.43,2026-07-26,56.0,0.12154565520677628,"['Especialidades', 'Fertilizantes', 'Proteção de Cultivos', 'Sementes']",[],2026-07-13,Ganho,Reclamação,69.0,144378.21487795853,1.776970387285,True,0.4267515923566879,0.0,0.0,0.0,17.0,Manter,Ampliar share
1070,Progresso Agro,90.723.918/0001-40,Quaraí,Diego Fontoura,2018-05-18,,Arroz,Ativo,Campanha,Patrícia Nunes,Sul,391,311,3400,2386800,0.2,26962.059999999998,15149.75,264956.69,2026-05-22,121.0,0.011296321434556727,"['Especialidades', 'Proteção de Cultivos']","['Fertilizantes', 'Sementes']",2026-07-02,Perdido,Pós-venda,80.0,434843.12144230766,-0.9428217872136009,True,0.7388535031847133,0.9428217872136009,0.25416666666666665,0.5,67.0,Atacar agora,Recuperar volume
1071,Recanto Cerealista,92.952.257/0001-73,São Gabriel,Diego Fontoura,2020-09-23,1200.0,Arroz,Ativo,Campanha,Patrícia Nunes,Sul,523,429,3000,2856000,0.66,144750.66,144750.66,26304.03,2026-09-05,15.0,0.050683004201680676,"['Especialidades', 'Fertilizantes', 'Proteção de Cultivos', 'Sementes']",[],2026-06-10,Aberto,Pós-venda,102.0,407836.736597633,4.502984143494362,True,0.7261146496815286,0.0,0.0,1.0,49.0,Planejar,Destravar negociação
1072,Herval Cerealista,59.295.713/0001-75,Quaraí,Diego Fontoura,2018-02-09,1500.0,Arroz,Ativo,Campanha,Patrícia Nunes,Sul,920,266,3000,3558000,0.31,104304.12,29986.15,49533.7,2026-04-24,149.0,0.02931537942664418,"['Especialidades', 'Proteção de Cultivos', 'Sementes']",['Fertilizantes'],2026-07-12,Aberto,Prospecção,70.0,584108.3299630177,-0.39463133180037013,True,0.8407643312101911,0.39463133180037013,0.37083333333333335,0.7777777777777778,65.0,Atacar agora,Destravar negociação
1073,Arvoredo Estância,85.693.775/0001-72,Uruguaiana,Diego Fontoura,2018-08-18,540.0,Soja/Milho,Ativo,Campanha,Patrícia Nunes,Sul,379,75,2200,998800,0.82,32606.7,22108.0,59747.83,2026-08-23,28.0,0.03264587505006007,"['Proteção de Cultivos', 'Sementes']","['Fertilizantes', 'Especialidades']",2026-02-19,Ganho,Cotação,213.0,160644.10242356997,-0.6299781933502857,True,0.4713375796178344,0.6299781933502857,0.0,0.0,35.0,Manter,Recuperar volume
1074,Tarumã Agro,83.492.339/0001-62,Alegrete,Diego Fontoura,2016-06-24,480.0,Arroz,Ativo,Campanha,Patrícia Nunes,Sul,381,189,2200,1254000,0.79,231067.37,143193.46,185151.61,2026-09-09,11.0,0.18426425039872407,"['Especialidades', 'Fertilizantes', 'Proteção de Cultivos', 'Sementes']",[],,,,,11560.289430473349,-0.2266150966767181,True,0.025477707006369428,0.2266150966767181,0.0,0.4,15.0,Manter,Ampliar share
1075,Tarumã Agrícola,74.704.439/0001-22,Quaraí,Diego Fontoura,2023-02-17,120.0,Soja,Inativo,Campanha,Patrícia Nunes,Sul,72,35,3400,363800,0.85,33930.87,33930.87,19691.96,2026-04-19,154.0,0.0932679219351292,"['Proteção de Cultivos', 'Sementes']","['Fertilizantes', 'Especialidades']",2026-02-12,Aberto,Renegociação,220.0,36458.23885231754,0.7230824153613964,True,0.09554140127388536,0.0,0.39166666666666666,1.0,30.0,Manter,Destravar negociação
1076,Passo Fundo Sementes,43.446.738/0001-98,São Borja,Elisa Barcellos,2022-11-03,250.0,Soja/Trigo,Ativo,Campanha,Patrícia Nunes,Sul,135,99,3400,795600,0.7,107563.62,93358.70999999999,153845.64,2026-09-11,9.0,0.13519811463046758,"['Especialidades', 'Fertilizantes', 'Proteção de Cultivos', 'Sementes']",[],2026-09-16,Aberto,Renegociação,4.0,46371.440480769204,-0.3931663581756364,True,0.12101910828025478,0.3931663581756364,0.0,0.2,19.0,Manter,Recuperar volume
1077,Tarumã Granja,89.170.340/0001-90,Quaraí,Elisa Barcellos,2020-04-24,,Soja,Ativo,Campanha,Patrícia Nunes,Sul,522,124,2600,1679600,0.35,135054.83,123294.43,49287.09,2026-05-21,122.0,0.08040892474398666,"['Especialidades', 'Fertilizantes', 'Proteção de Cultivos']",['Sementes'],2026-09-13,Sem retorno,Agronômico,7.0,189919.1865705128,1.5015562898925459,True,0.5222929936305732,0.0,0.25833333333333336,0.6,37.0,Manter,Ampliar share
1078,Guarita Agro,15.432.915/0001-17,São Borja,Elisa Barcellos,2020-06-12,,Milho,Ativo,Campanha,Patrícia Nunes,Sul,638,161,2600,2077400,0.77,171536.96,134457.52,87066.64,2026-06-12,100.0,0.08257290844324636,"['Fertilizantes', 'Proteção de Cultivos', 'Sementes']",['Especialidades'],2026-03-28,Em negociação,Reclamação,176.0,230404.58681089742,0.5443058328654924,True,0.5668789808917197,0.0,0.16666666666666666,1.0,45.0,Planejar,Destravar negociação
1079,Santa Fé Sementes,20.724.991/0001-58,São Borja,Elisa Barcellos,2019-08-19,300.0,Arroz,Ativo,Campanha,Patrícia Nunes,Sul,149,111,3000,780000,0.25,38359.16,30843.559999999998,24753.53,2026-03-26,178.0,0.04917841025641026,"['Especialidades', 'Proteção de Cultivos']","['Fertilizantes', 'Sementes']",2026-06-29,Sem retorno,Prospecção,83.0,112557.56596153844,0.24602672830905337,True,0.3885350318471338,0.0,0.49166666666666664,0.6,35.0,Manter,Ampliar share
1080,Sanga Funda Agro,69.394.793/0001-79,Bagé,Elisa Barcellos,2018-02-15,,Soja/Trigo,Inativo,Campanha,Patrícia Nunes,Sul,357,93,3000,1350000,0.44,0.0,0.0,0.0,,,0.0,[],"['Fertilizantes', 'Sementes', 'Proteção de Cultivos', 'Especialidades']",2026-08-14,Aberto,Prospecção,37.0,261202.02570266268,,False,0.6242038216560509,0.0,1.0,0.4111111111111111,,,Destravar negociação
1081,União Sementes,35.493.973/0001-71,Bagé,Elisa Barcellos,2017-04-13,1200.0,Soja/Trigo,Ativo,Campanha,Patrícia Nunes,Sul,530,205,3000,2205000,0.23,242881.68,113710.72,117519.26,2026-07-21,61.0,0.11015042176870748,"['Especialidades', 'Fertilizantes', 'Proteção de Cultivos', 'Sementes']",[],2026-01-13,Ganho,Agronômico,250.0,183748.29531434906,-0.03240779426282969,True,0.5095541401273885,0.03240779426282969,0.004166666666666667,0.0,21.0,Manter,Ampliar share
1082,Progresso Estância,45.108.679/0001-97,Uruguaiana,Elisa Barcellos,2016-10-24,3200.0,Soja/Milho,Ativo,Campanha,Patrícia Nunes,Sul,1995,613,1800,4694400,0.31,360557.43,360557.43,42538.18,2026-08-22,29.0,0.07680586017382413,"['Especialidades', 'Fertilizantes', 'Proteção de Cultivos']",['Sementes'],2026-04-13,Aberto,Cotação,160.0,547729.080710059,7.47608971516882,True,0.8343949044585988,0.0,0.0,1.0,53.0,Planejar,Destravar negociação
1083,Vista Alegre Granja,89.356.794/0001-94,Dom Pedrito,Elisa Barcellos,2018-11-04,3200.0,Soja,Inativo,Campanha,Patrícia Nunes,Sul,1297,954,2200,4952200,0.19,109280.68,109280.68,0.0,2026-02-23,209.0,0.022067097451637655,['Fertilizantes'],"['Sementes', 'Proteção de Cultivos', 'Especialidades']",2026-02-07,Perdido,Renegociação,225.0,848885.7434701675,,False,0.8980891719745223,0.0,0.6208333333333333,0.5,55.0,Planejar,Reativar
1084,União Agro,26.192.402/0001-51,Uruguaiana,Elisa Barcellos,2022-03-07,2000.0,Soja/Trigo,Ativo,Campanha,Patrícia Nunes,Sul,1329,505,2600,4768400,0.23,555757.11,406014.73,637729.38,2026-08-24,27.0,0.1165500188742555,"['Especialidades', 'Fertilizantes', 'Proteção de Cultivos', 'Sementes']",[],2025-12-02,Ganho,Renegociação,292.0,366847.14137820504,-0.3633432256171105,True,0.7070063694267515,0.3633432256171105,0.0,0.0,37.0,Manter,Recuperar volume
1085,Charrua Estância,47.864.991/0001-53,São Borja,Elisa Barcellos,2017-08-03,540.0,Milho,Ativo,Campanha,Patrícia Nunes,Sul,395,131,2600,1367600,0.3,174249.33,100262.81,0.0,2026-07-23,59.0,0.1274124963439602,"['Fertilizantes', 'Proteção de Cultivos', 'Sementes']",['Especialidades'],2026-09-15,Em negociação,Cotação,5.0,90357.99618589741,,True,0.2802547770700637,0.0,0.0,0.2,15.0,Manter,Ampliar share
1086,Piraí Granja,43.649.226/0001-68,São Gabriel,Elisa Barcellos,2021-11-24,,Soja/Trigo,Ativo,Campanha,Patrícia Nunes,Sul,287,45,2600,863200,0.11,432764.76,208045.21000000002,304614.01,2026-06-15,97.0,0.5013493512511585,"['Especialidades', 'Fertilizantes', 'Proteção de Cultivos', 'Sementes']",[],2026-01-31,Sem retorno,Cotação,232.0,0.0,-0.31702021847255146,True,0.0,0.31702021847255146,0.15416666666666667,0.6,22.0,Manter,Recuperar volume
1087,Tarumã Granja,70.125.734/0001-81,São Gabriel,Elisa Barcellos,2021-10-08,3200.0,Arroz,Ativo,Campanha,Patrícia Nunes,Sul,1503,921,1800,4363200,0.39,1334396.09,1011078.92,933613.55,2026-09-10,10.0,0.30582968692702606,"['Especialidades', 'Fertilizantes', 'Proteção de Cultivos', 'Sementes']",[],2026-09-06,Aberto,Pós-venda,14.0,0.0,0.08297369934273124,True,0.0,0.0,0.0,0.2,4.0,Manter,Manter relacionamento
1088,União Sementes,14.411.604/0001-24,São Gabriel,Elisa Barcellos,2017-04-18,,Arroz,Ativo,Campanha,Patrícia Nunes,Sul,406,99,2600,1313000,0.27,157860.75,91169.39,107454.36,2026-08-19,32.0,0.12022905559786748,"['Especialidades', 'Fertilizantes', 'Proteção de Cultivos', 'Sementes']",[],2026-06-22,Perdido,Pós-venda,90.0,96182.40536858971,-0.15155243584345945,True,0.3057324840764331,0.15155243584345945,0.0,0.5,26.0,Manter,Ampliar share
1089,Charrua Sementes,72.730.517/0001-45,São Borja,Elisa Barcellos,2016-12-12,900.0,Arroz,Ativo,Campanha,Patrícia Nunes,Sul,565,271,3400,2842400,0.52,45349.68000000001,45349.68000000001,13858.27,2026-04-08,165.0,0.01595471432592176,"['Especialidades', 'Proteção de Cultivos']","['Fertilizantes', 'Sementes']",2025-06-03,Aberto,Reclamação,474.0,504606.3480424062,2.272391142617369,True,0.7898089171974523,0.0,0.4375,1.0,58.0,Planejar,Destravar negociação
1090,Ipê Granja,79.760.467/0001-17,São Gabriel,Elisa Barcellos,2022-05-07,3200.0,Arroz,Inativo,Campanha,Patrícia Nunes,Sul,1551,628,3400,7408600,0.69,86653.15,86653.15,9960.11,2026-03-19,185.0,0.011696292146964339,['Fertilizantes'],"['Sementes', 'Proteção de Cultivos', 'Especialidades']",2026-09-12,Aberto,Prospecção,8.0,1346784.8704598125,7.700019377296032,False,0.9745222929936306,0.0,0.5208333333333334,0.2,51.0,Planejar,Reativar
1091,Recanto Cerealista,41.228.905/0001-82,Uruguaiana,Elisa Barcellos,2019-02-27,120.0,Milho,Ativo,Campanha,Patrícia Nunes,Sul,51,41,2200,202400,,190056.12,142442.63,81414.76000000001,2026-08-25,26.0,0.9390124505928854,"['Fertilizantes', 'Proteção de Cultivos', 'Sementes']",['Especialidades'],2026-08-21,Sem retorno,Prospecção,30.0,0.0,0.7495922115351072,True,0.0,0.0,0.0,0.6,12.0,Manter,Manter relacionamento
1092,Palmares Cerealista,10.383.979/0001-28,Alegrete,Elisa Barcellos,2018-09-09,300.0,Soja,Ativo,Campanha,Patrícia Nunes,Sul,140,118,1800,464400,,68590.39,61870.03,49725.43,2026-09-10,10.0,0.14769679155900087,"['Especialidades', 'Proteção de Cultivos', 'Sementes']",['Fertilizantes'],2026-03-09,Sem retorno,Reclamação,195.0,21263.10684171597,0.24423318209616274,True,0.05732484076433121,0.0,0.0,0.6,14.0,Manter,Ampliar share
1093,Santa Rita Agrícola,85.431.116/0001-32,Uruguaiana,Elisa Barcellos,2020-01-05,700.0,Soja/Trigo,Ativo,Campanha,Patrícia Nunes,Sul,523,174,2200,1533400,0.12,203551.01,184884.72,416256.92,2026-09-12,8.0,0.13274488717881833,"['Especialidades', 'Fertilizantes', 'Proteção de Cultivos', 'Sementes']",[],2026-08-24,Em negociação,Cotação,27.0,93135.79460182443,-0.5558398884996314,True,0.29936305732484075,0.5558398884996314,0.0,0.3,32.0,Manter,Recuperar volume
1094,Dois Marcos Fazenda,75.707.211/0001-67,Quaraí,Elisa Barcellos,2024-04-20,1200.0,Soja/Trigo,Ativo,Campanha,Patrícia Nunes,Sul,628,459,3400,3695800,0.62,19249.16,0.0,85209.44,2025-12-12,282.0,0.005208387899778126,['Especialidades'],"['Fertilizantes', 'Sementes', 'Proteção de Cultivos']",,,,,695825.2448828894,-1.0,False,0.8726114649681529,1.0,0.925,0.4,82.0,Atacar agora,Reativar
1095,Sobradinho Agropecuária,64.802.210/0001-72,Camaquã,Fábio Kremer,2023-02-03,1200.0,Milho,Ativo,Sul-Litoral,Rodrigo Vianna,Sudeste,915,343,3000,3774000,0.57,196826.96,196826.96,214367.21,2026-09-06,14.0,0.05215340752517223,"['Fertilizantes', 'Proteção de Cultivos', 'Sementes']",['Especialidades'],,,,,533377.8140754438,-0.08182338147704582,True,0.8152866242038217,0.08182338147704582,0.0,0.4,43.0,Planejar,Ampliar share
1096,Nova Esperança Agrícola,80.829.432/0001-58,Pelotas,Fábio Kremer,2024-05-15,2000.0,Arroz,Ativo,Sul-Litoral,Rodrigo Vianna,Sudeste,1125,540,3400,5661000,0.11,0.0,0.0,294937.47,2025-08-23,393.0,0.0,[],"['Fertilizantes', 'Sementes', 'Proteção de Cultivos', 'Especialidades']",2026-06-19,Perdido,Agronômico,93.0,1095307.1611131656,-1.0,False,0.9490445859872612,1.0,1.0,0.5,88.0,Atacar agora,Reativar
1097,Guarita Fazenda,39.523.447/0001-68,Canguçu,Fábio Kremer,2022-07-24,900.0,Arroz,Ativo,Sul-Litoral,Rodrigo Vianna,Sudeste,513,331,2200,1856800,,117065.1,102097.06999999999,95057.75,2026-09-13,7.0,0.06304669323567429,"['Especialidades', 'Proteção de Cultivos', 'Sementes']",['Fertilizantes'],2026-06-17,Sem retorno,Prospecção,95.0,242194.1009812623,0.0740530887802413,True,0.5796178343949044,0.0,0.0,0.6,35.0,Manter,Ampliar share
1098,Campo Novo Estância,18.193.951/0001-20,São Lourenço do Sul,Fábio Kremer,2017-07-04,300.0,Soja/Milho,Ativo,Sul-Litoral,Rodrigo Vianna,Sudeste,192,99,2200,640200,0.36,22371.809999999998,12027.05,104180.51000000001,2026-01-06,257.0,0.034945032802249296,"['Especialidades', 'Proteção de Cultivos']","['Fertilizantes', 'Sementes']",2026-06-23,Sem retorno,Pós-venda,89.0,101495.99507766271,-0.8845556620907308,False,0.33121019108280253,0.8845556620907308,0.8208333333333333,0.6,60.0,Atacar agora,Reativar
1099,Coxilha Agropecuária,62.462.994/0001-95,São Lourenço do Sul,Fábio Kremer,2022-12-02,3200.0,Soja/Trigo,Inativo,Sul-Litoral,Rodrigo Vianna,Sudeste,2259,762,2600,7854600,0.82,0.0,0.0,0.0,,,0.0,[],"['Fertilizantes', 'Sementes', 'Proteção de Cultivos', 'Especialidades']",2025-05-17,Em negociação,Cotação,491.0,1519731.4304326922,,False,0.9872611464968153,0.0,1.0,1.0,,,Destravar negociação
1100,União Granja,37.258.772/0001-71,Cachoeira do Sul,Fábio Kremer,2019-02-12,2000.0,Soja/Milho,Ativo,Sul-Litoral,Rodrigo Vianna,Sudeste,1228,485,3400,5824200,0.24,67528.54,67528.54,111886.56999999999,2026-03-04,200.0,0.011594474777651865,['Sementes'],"['Fertilizantes', 'Proteção de Cultivos', 'Especialidades']",2025-03-02,Aberto,Agronômico,567.0,1059355.0437758875,-0.39645535652759756,False,0.9426751592356688,0.39645535652759756,0.5833333333333334,1.0,76.0,Atacar agora,Destravar negociação
1101,Dois Marcos Estância,89.728.791/0001-92,Canguçu,Fábio Kremer,2024-01-20,900.0,Soja/Milho,Inativo,Sul-Litoral,Rodrigo Vianna,Sudeste,589,146,3400,2499000,0.61,0.0,0.0,0.0,,,0.0,[],"['Fertilizantes', 'Sementes', 'Proteção de Cultivos', 'Especialidades']",2026-04-20,Sem retorno,Cotação,153.0,483513.97202292894,,False,0.7643312101910829,0.0,1.0,0.6,,,Ampliar share
1102,Santa Rita Agrícola,54.106.285/0001-28,Pelotas,Fábio Kremer,2022-02-05,540.0,Soja,Ativo,Sul-Litoral,Rodrigo Vianna,Sudeste,283,73,1800,640800,0.36,1352.0,0.0,55968.46,2025-09-30,355.0,0.0021098626716604244,['Especialidades'],"['Fertilizantes', 'Sementes', 'Proteção de Cultivos']",2026-07-30,Em negociação,Prospecção,52.0,122631.89486686389,-1.0,False,0.4140127388535032,1.0,1.0,0.5777777777777777,68.0,Atacar agora,Destravar negociação
1103,Recanto Cerealista,53.261.478/0001-49,Encruzilhada do Sul,Fábio Kremer,2021-10-20,900.0,Soja,Ativo,Sul-Litoral,Rodrigo Vianna,Sudeste,471,98,3400,1934600,0.68,124040.02,62073.17,0.0,2026-09-11,9.0,0.06411662359144009,"['Especialidades', 'Fertilizantes', 'Proteção de Cultivos']",['Sementes'],2026-07-17,Perdido,Agronômico,65.0,250272.1569810157,,True,0.5987261146496815,0.0,0.0,0.5,34.0,Manter,Ampliar share
1104,Passo Fundo Agrícola,44.553.777/0001-64,Camaquã,Fábio Kremer,2023-10-15,3200.0,Milho,Ativo,Sul-Litoral,Rodrigo Vianna,Sudeste,2095,494,1800,4660200,0.18,1169211.99,702953.63,194823.32,2026-09-20,0.0,0.2508930925711343,"['Especialidades', 'Fertilizantes', 'Proteção de Cultivos', 'Sementes']",[],2026-08-14,Perdido,Agronômico,37.0,0.0,2.6081595878768518,True,0.0,0.0,0.0,0.5,10.0,Manter,Manter relacionamento
1105,Faxinal Fazenda,46.794.794/0001-85,São Lourenço do Sul,Fábio Kremer,2023-09-22,900.0,Milho,Ativo,Sul-Litoral,Rodrigo Vianna,Sudeste,571,185,1800,1360800,0.44,18379.59,8131.41,87728.23999999999,2026-04-30,143.0,0.013506459435626103,"['Especialidades', 'Proteção de Cultivos']","['Fertilizantes', 'Sementes']",2026-08-23,Ganho,Agronômico,28.0,244912.051908284,-0.9073113743077486,True,0.5859872611464968,0.9073113743077486,0.3458333333333333,0.0,51.0,Planejar,Recuperar volume
1106,Piraí Agropecuária,37.885.240/0001-42,Camaquã,Fábio Kremer,2020-06-04,480.0,Arroz,Ativo,Sul-Litoral,Rodrigo Vianna,Sudeste,265,191,3400,1550400,0.69,309902.16,226534.78,487605.83,2026-08-22,29.0,0.19988529411764705,"['Especialidades', 'Fertilizantes', 'Proteção de Cultivos', 'Sementes']",[],2026-09-11,Em negociação,Cotação,9.0,0.0,-0.5354141274315773,True,0.0,0.5354141274315773,0.0,0.2,17.0,Manter,Recuperar volume
1107,Butiá Agrícola,74.672.953/0001-95,Encruzilhada do Sul,Fábio Kremer,2021-02-13,1500.0,Soja,Ativo,Sul-Litoral,Rodrigo Vianna,Sudeste,770,153,1800,1661400,,308975.57,269456.73,203803.16,2026-08-09,42.0,0.1859730167328759,"['Especialidades', 'Fertilizantes', 'Proteção de Cultivos', 'Sementes']",[],2025-09-10,Perdido,Renegociação,375.0,12477.056298076874,0.32214206099650267,True,0.03184713375796178,0.0,0.0,0.5,11.0,Manter,Ampliar share
1108,Capão Alto Agropecuária,83.539.687/0001-61,Rio Pardo,Fábio Kremer,2022-05-04,250.0,Soja/Milho,Ativo,Sul-Litoral,Rodrigo Vianna,Sudeste,142,67,3000,627000,0.49,167639.13,151149.05,124836.46,2026-06-30,82.0,0.267367033492823,"['Fertilizantes', 'Proteção de Cultivos', 'Sementes']",['Especialidades'],,,,,0.0,0.21077648308835406,True,0.0,0.0,0.09166666666666666,0.4,9.0,Manter,Primeiro contato
1109,Rincão Agro,23.349.546/0001-85,São Lourenço do Sul,Fábio Kremer,2022-09-03,250.0,Soja/Milho,Ativo,Sul-Litoral,Rodrigo Vianna,Sudeste,176,62,2600,618800,0.52,213903.16,141329.9,125480.1,2026-09-04,16.0,0.3456741435035553,"['Especialidades', 'Fertilizantes', 'Proteção de Cultivos', 'Sementes']",[],2025-05-18,Aberto,Prospecção,490.0,0.0,0.1263132560461777,True,0.0,0.0,0.0,1.0,20.0,Manter,Destravar negociação
1110,Arvoredo Cerealista,75.748.216/0001-77,São Lourenço do Sul,Fábio Kremer,2024-04-25,300.0,Milho,Ativo,Sul-Litoral,Rodrigo Vianna,Sudeste,231,110,1800,613800,0.21,59419.96,33715.8,93185.81,2026-09-14,6.0,0.09680671228413164,"['Especialidades', 'Proteção de Cultivos', 'Sementes']",['Fertilizantes'],2026-05-16,Sem retorno,Renegociação,127.0,59339.89435281064,-0.6381874021377288,True,0.1910828025477707,0.6381874021377288,0.0,0.6,36.0,Manter,Recuperar volume
1111,Guarita Agrícola,87.256.878/0001-93,Pelotas,Gabriela Roshel,2017-03-25,480.0,Arroz,Ativo,Sul-Litoral,Rodrigo Vianna,Sudeste,363,109,1800,849600,0.31,103190.37,103190.37,216336.47,2026-07-14,68.0,0.1214575918079096,"['Especialidades', 'Fertilizantes', 'Proteção de Cultivos', 'Sementes']",[],2026-07-02,Aberto,Cotação,80.0,61192.77150887574,-0.523009828162584,True,0.19745222929936307,0.523009828162584,0.03333333333333333,0.8888888888888888,39.0,Manter,Destravar negociação
1112,Cangussu Granja,18.580.552/0001-90,São Lourenço do Sul,Gabriela Roshel,2020-05-19,300.0,Soja/Trigo,Ativo,Sul-Litoral,Rodrigo Vianna,Sudeste,123,52,2600,455000,0.43,52213.34,52213.34,12978.26,2026-08-30,21.0,0.1147545934065934,"['Proteção de Cultivos', 'Sementes']","['Fertilizantes', 'Especialidades']",2025-12-22,Sem retorno,Pós-venda,272.0,35821.416810897426,3.0231386950176677,True,0.08917197452229299,0.0,0.0,0.6,16.0,Manter,Ampliar share
1113,Nova Esperança Estância,17.477.951/0001-46,Rio Pardo,Gabriela Roshel,2017-11-28,,Soja,Inativo,Sul-Litoral,Rodrigo Vianna,Sudeste,127,43,2600,442000,0.54,0.0,0.0,0.0,,,0.0,[],"['Fertilizantes', 'Sementes', 'Proteção de Cultivos', 'Especialidades']",2026-06-08,Sem retorno,Cotação,104.0,85519.47804487178,,False,0.25477707006369427,0.0,1.0,0.6,,,Ampliar share
1114,Faxinal Sementes,15.560.929/0001-83,Rio Pardo,Gabriela Roshel,2019-06-20,2000.0,Milho,Ativo,Sul-Litoral,Rodrigo Vianna,Sudeste,1570,465,1800,3663000,0.5,527999.33,286889.47,327464.04,2026-09-12,8.0,0.14414396123396123,"['Especialidades', 'Fertilizantes', 'Proteção de Cultivos', 'Sementes']",[],,,,,180728.83307322476,-0.12390542179837516,True,0.49044585987261147,0.12390542179837516,0.0,0.4,31.0,Manter,Ampliar share
1115,Três Irmãos Agro,74.761.276/0001-15,Cachoeira do Sul,Gabriela Roshel,2019-12-15,700.0,Soja/Trigo,Inativo,Sul-Litoral,Rodrigo Vianna,Sudeste,380,190,3000,1710000,0.21,13411.17,13411.17,15489.77,2026-07-31,51.0,0.007842789473684211,['Sementes'],"['Fertilizantes', 'Proteção de Cultivos', 'Especialidades']",2026-04-17,Em negociação,Prospecção,156.0,317444.72922337276,-0.1341917923894287,True,0.6624203821656051,0.1341917923894287,0.0,1.0,50.0,Planejar,Destravar negociação
1116,Santa Fé Agrícola,59.518.893/0001-53,São Lourenço do Sul,Gabriela Roshel,2016-11-21,700.0,Soja/Milho,Ativo,Sul-Litoral,Rodrigo Vianna,Sudeste,475,195,1800,1206000,0.33,304451.98,127537.42,329051.99,2026-08-19,32.0,0.2524477446102819,"['Especialidades', 'Fertilizantes', 'Proteção de Cultivos', 'Sementes']",[],2026-04-12,Aberto,Renegociação,161.0,0.0,-0.612409516198337,True,0.0,0.612409516198337,0.0,1.0,35.0,Manter,Destravar negociação
1117,Guarita Sementes,29.441.183/0001-84,Pelotas,Gabriela Roshel,2018-06-10,540.0,Arroz,Inativo,Sul-Litoral,Rodrigo Vianna,Sudeste,251,80,3000,993000,0.39,0.0,0.0,52194.73,2025-07-08,439.0,0.0,[],"['Fertilizantes', 'Sementes', 'Proteção de Cultivos', 'Especialidades']",2026-09-03,Em negociação,Prospecção,17.0,192128.60112795857,-1.0,False,0.5286624203821656,1.0,1.0,0.2,65.0,Atacar agora,Reativar
1118,Coxilha Fazenda,92.910.436/0001-26,Pelotas,Gabriela Roshel,2024-02-21,1500.0,Soja/Trigo,Ativo,Sul-Litoral,Rodrigo Vianna,Sudeste,741,185,2600,2407600,0.78,357533.99,150301.17,66575.27,2026-09-10,10.0,0.1485022387439774,"['Fertilizantes', 'Proteção de Cultivos', 'Sementes']",['Especialidades'],2025-04-10,Aberto,Prospecção,528.0,108295.63746794866,1.2576126240269097,True,0.36942675159235666,0.0,0.0,1.0,35.0,Manter,Destravar negociação
1119,Charrua Agropecuária,37.449.884/0001-72,São Lourenço do Sul,Gabriela Roshel,2019-04-05,540.0,Soja/Milho,Ativo,Sul-Litoral,Rodrigo Vianna,Sudeste,350,145,3400,1683000,0.54,0.0,0.0,65491.149999999994,2025-05-25,483.0,0.0,[],"['Fertilizantes', 'Sementes', 'Proteção de Cultivos', 'Especialidades']",2026-07-07,Ganho,Prospecção,75.0,325631.8587093195,-1.0,False,0.6815286624203821,1.0,1.0,0.0,67.0,Atacar agora,Reativar
1120,Guarita Agropecuária,86.485.257/0001-30,São Lourenço do Sul,Gabriela Roshel,2018-12-25,2000.0,Milho,Ativo,Sul-Litoral,Rodrigo Vianna,Sudeste,1079,369,3000,4344000,0.83,196160.41999999998,156526.0,0.0,2026-08-14,37.0,0.045156634438305705,"['Especialidades', 'Fertilizantes', 'Proteção de Cultivos', 'Sementes']",[],2025-08-06,Aberto,Reclamação,410.0,644329.653816568,,True,0.8662420382165605,0.0,0.0,1.0,55.0,Planejar,Destravar negociação
1121,Cangussu Agropecuária,66.725.391/0001-67,Encruzilhada do Sul,Gabriela Roshel,2019-09-08,700.0,Arroz,Ativo,Sul-Litoral,Rodrigo Vianna,Sudeste,491,254,2600,1937000,0.3,98468.35999999999,0.0,37026.12,2025-11-18,306.0,0.05083549819308208,"['Fertilizantes', 'Sementes']","['Proteção de Cultivos', 'Especialidades']",2026-05-06,Perdido,Renegociação,137.0,276308.17613782047,-1.0,False,0.643312101910828,1.0,1.0,0.5,76.0,Atacar agora,Reativar
1122,Cerro Azul Granja,58.614.640/0001-63,Rio Pardo,Gabriela Roshel,2018-04-26,1200.0,Soja/Milho,Ativo,Sul-Litoral,Rodrigo Vianna,Sudeste,604,146,2600,1950000,0.37,117201.81,60653.97,54052.02,2026-05-03,140.0,0.060103492307692304,"['Especialidades', 'Fertilizantes', 'Sementes']",['Proteção de Cultivos'],2025-12-17,Em negociação,Reclamação,277.0,260090.00490384613,0.12214067115345562,True,0.6178343949044586,0.0,0.3333333333333333,1.0,50.0,Planejar,Destravar negociação
1123,Três Irmãos Agro,76.971.227/0001-46,São Lourenço do Sul,Gabriela Roshel,2017-03-09,1500.0,Soja/Trigo,Ativo,Sul-Litoral,Rodrigo Vianna,Sudeste,1157,415,3400,5344800,0.61,325020.85,230808.43,324470.5,2026-09-04,16.0,0.06081066644214937,"['Especialidades', 'Fertilizantes', 'Proteção de Cultivos', 'Sementes']",[],,,,,709106.9922041419,-0.2886612804553881,True,0.8853503184713376,0.2886612804553881,0.0,0.4,51.0,Planejar,Recuperar volume
1124,Passo Fundo Sementes,54.127.524/0001-16,Cachoeira do Sul,Gabriela Roshel,2022-09-12,480.0,Soja,Ativo,Sul-Litoral,Rodrigo Vianna,Sudeste,357,88,3000,1335000,0.51,158209.29,158209.29,103549.46,2026-07-12,70.0,0.11850883146067416,"['Especialidades', 'Fertilizantes', 'Sementes']",['Proteção de Cultivos'],2026-08-28,Ganho,Reclamação,23.0,100090.4909726331,0.5278620477595923,True,0.3248407643312102,0.0,0.041666666666666664,0.0,14.0,Manter,Ampliar share
1125,Charrua Cerealista,93.443.910/0001-28,Camaquã,Gabriela Roshel,2018-01-10,700.0,Arroz,Inativo,Sul-Litoral,Rodrigo Vianna,Sudeste,355,156,1800,919800,0.59,70254.03,70254.03,8535.19,2026-06-04,108.0,0.0763796803652968,"['Fertilizantes', 'Sementes']","['Proteção de Cultivos', 'Especialidades']",2025-05-21,Perdido,Prospecção,487.0,107711.61684541419,7.231103232616965,True,0.3630573248407643,0.0,0.2,0.5,28.0,Manter,Ampliar share
1126,Coxilha Agro,20.119.362/0001-37,Rio Pardo,Henrique Vasques,2018-09-24,,Arroz,Ativo,Sul-Litoral,Rodrigo Vianna,Sudeste,544,121,2200,1463000,,211724.01,188999.76,9333.29,2026-08-14,37.0,0.14471907723855093,"['Especialidades', 'Fertilizantes', 'Proteção de Cultivos', 'Sementes']",[],,,,,71341.59266888554,19.250068303888554,True,0.21656050955414013,0.0,0.0,0.4,17.0,Manter,Ampliar share
1127,Dois Marcos Estância,16.344.529/0001-91,Canguçu,Henrique Vasques,2023-02-04,540.0,Arroz,Ativo,Sul-Litoral,Rodrigo Vianna,Sudeste,287,122,3400,1390600,0.63,165058.33000000002,165058.33000000002,162191.87,2026-09-03,17.0,0.11869576441823675,"['Especialidades', 'Fertilizantes', 'Proteção de Cultivos', 'Sementes']",[],,,,,103999.10477194277,0.01767326562052718,True,0.35668789808917195,0.0,0.0,0.4,22.0,Manter,Ampliar share
1128,Santa Rita Cerealista,10.729.461/0001-40,Santa Maria,Henrique Vasques,2022-03-22,540.0,Soja/Trigo,Ativo,Sul-Litoral,Rodrigo Vianna,Sudeste,263,147,3400,1394000,0.76,87083.42000000001,87083.42000000001,92218.73999999999,2026-08-25,26.0,0.06247017216642756,"['Especialidades', 'Fertilizantes', 'Proteção de Cultivos']",['Sementes'],,,,,182631.85691074948,-0.05568629543192605,True,0.4968152866242038,0.05568629543192605,0.0,0.4,29.0,Manter,Ampliar share
1129,Charrua Fazenda,15.750.496/0001-57,Camaquã,Henrique Vasques,2020-12-01,900.0,Soja,Ativo,Sul-Litoral,Rodrigo Vianna,Sudeste,570,342,1800,1641600,0.13,401147.42,284032.77,62442.04,2026-08-14,37.0,0.24436368177387913,"['Especialidades', 'Fertilizantes', 'Proteção de Cultivos', 'Sementes']",[],,,,,0.0,3.548742641976464,True,0.0,0.0,0.0,0.4,8.0,Manter,Primeiro contato
1130,Guajuviras Cerealista,27.145.460/0001-79,Cachoeira do Sul,Henrique Vasques,2021-11-06,2000.0,Arroz,Ativo,Sul-Litoral,Rodrigo Vianna,Sudeste,806,737,3400,5246200,0.1,24267.440000000002,15822.49,47150.0,2026-04-27,146.0,0.004625717662307956,"['Especialidades', 'Fertilizantes']","['Sementes', 'Proteção de Cultivos']",2025-02-09,Perdido,Cotação,588.0,990782.9801787473,-0.6644222693531283,True,0.9235668789808917,0.6644222693531283,0.35833333333333334,0.5,69.0,Atacar agora,Recuperar volume
1131,Herval Agrícola,14.400.306/0001-15,Santa Maria,Henrique Vasques,2019-01-11,250.0,Soja/Trigo,Inativo,Sul-Litoral,Rodrigo Vianna,Sudeste,117,90,1800,372600,0.29,0.0,0.0,84836.31,2025-08-20,396.0,0.0,[],"['Fertilizantes', 'Sementes', 'Proteção de Cultivos', 'Especialidades']",2026-04-06,Aberto,Reclamação,167.0,72091.7590939349,-1.0,False,0.22929936305732485,1.0,1.0,1.0,69.0,Atacar agora,Destravar negociação
1132,Piraí Agro,46.465.982/0001-16,Pelotas,Henrique Vasques,2021-05-04,120.0,Arroz,Ativo,Sul-Litoral,Rodrigo Vianna,Sudeste,89,25,2600,296400,0.68,207696.02,162877.34,408499.6,2026-09-01,19.0,0.7007288124156544,"['Especialidades', 'Fertilizantes', 'Proteção de Cultivos', 'Sementes']",[],2026-06-14,Ganho,Agronômico,98.0,0.0,-0.6012790710198982,True,0.0,0.6012790710198982,0.0,0.0,15.0,Manter,Recuperar volume
1133,Piraí Agro,73.808.609/0001-57,Encruzilhada do Sul,Henrique Vasques,2024-05-26,700.0,Arroz,Ativo,Sul-Litoral,Rodrigo Vianna,Sudeste,384,169,3400,1880200,0.67,219021.82,120238.8,65905.31999999999,2026-06-16,96.0,0.11648857568343794,"['Especialidades', 'Fertilizantes', 'Proteção de Cultivos', 'Sementes']",[],2026-06-05,Perdido,Prospecção,107.0,144764.88276010845,0.8244172094149609,True,0.43312101910828027,0.0,0.15,0.5,30.0,Manter,Ampliar share
1134,Recanto Sementes,51.205.181/0001-51,Santa Maria,Henrique Vasques,2020-05-15,1500.0,Arroz,Ativo,Sul-Litoral,Rodrigo Vianna,Sudeste,622,155,2600,2020200,0.4,344207.36,228631.66999999998,112210.83,2026-08-04,47.0,0.17038281358281357,"['Especialidades', 'Fertilizantes', 'Proteção de Cultivos', 'Sementes']",[],2026-06-28,Ganho,Prospecção,84.0,46666.960240384564,1.037518749304323,True,0.12738853503184713,0.0,0.0,0.0,5.0,Manter,Ampliar share
1135,Rincão Agro,55.729.545/0001-45,São Lourenço do Sul,Henrique Vasques,2016-02-22,,Soja/Milho,Ativo,Sul-Litoral,Rodrigo Vianna,Sudeste,221,48,3400,914600,0.09,386137.96,237605.81,196530.21000000002,2026-08-03,48.0,0.4221932648152198,"['Especialidades', 'Fertilizantes', 'Proteção de Cultivos', 'Sementes']",[],2025-01-18,Ganho,Pós-venda,610.0,0.0,0.20900399994484298,True,0.0,0.0,0.0,0.0,0.0,Manter,Manter relacionamento
1136,Faxinal Agrícola,96.900.548/0001-14,Camaquã,Henrique Vasques,2018-02-08,300.0,Soja/Milho,Ativo,Sul-Litoral,Rodrigo Vianna,Sudeste,123,111,2600,608400,,0.0,0.0,124102.34,2025-08-29,387.0,0.0,[],"['Fertilizantes', 'Sementes', 'Proteção de Cultivos', 'Especialidades']",2026-09-14,Perdido,Pós-venda,6.0,117715.04624999998,-1.0,False,0.40764331210191085,1.0,1.0,0.5,66.0,Atacar agora,Reativar
1137,Charrua Sementes,96.560.479/0001-57,Camaquã,Henrique Vasques,2023-02-19,2000.0,Soja/Milho,Ativo,Sul-Litoral,Rodrigo Vianna,Sudeste,1423,322,3000,5235000,0.36,569114.92,547556.45,119056.73000000001,2026-08-01,50.0,0.10871345176695321,"['Especialidades', 'Fertilizantes', 'Proteção de Cultivos', 'Sementes']",[],2026-02-08,Aberto,Pós-venda,224.0,443768.49078032526,3.5991221999797904,True,0.7452229299363057,0.0,0.0,1.0,50.0,Planejar,Destravar negociação
1138,Piraí Granja,13.853.290/0001-73,Pelotas,Henrique Vasques,2024-07-18,480.0,Soja/Milho,Ativo,Sul-Litoral,Rodrigo Vianna,Sudeste,260,150,3000,1230000,0.52,186411.24,186411.24,22070.21,2026-08-11,40.0,0.15155385365853657,"['Fertilizantes', 'Proteção de Cultivos', 'Sementes']",['Especialidades'],2026-04-24,Aberto,Reclamação,149.0,51572.82786242603,7.4462830213215,True,0.1592356687898089,0.0,0.0,1.0,26.0,Manter,Destravar negociação
1139,Cangussu Cerealista,25.238.973/0001-19,Pelotas,Henrique Vasques,2023-03-23,1200.0,Soja,Ativo,Sul-Litoral,Rodrigo Vianna,Sudeste,781,422,1800,2165400,0.39,166744.91999999998,136589.48,103174.75,2026-09-18,2.0,0.07700421169298974,"['Fertilizantes', 'Sementes']","['Proteção de Cultivos', 'Especialidades']",,,,,252223.12922707095,0.32386538373003093,True,0.6050955414012739,0.0,0.0,0.4,32.0,Manter,Ampliar share
1140,Campo Novo Granja,47.407.971/0001-30,Cachoeira do Sul,Henrique Vasques,2018-06-17,1500.0,Milho,Ativo,Sul-Litoral,Rodrigo Vianna,Sudeste,1084,565,3400,5606600,0.11,171859.03,103191.14,40587.64,2026-09-05,15.0,0.030652985766774873,"['Fertilizantes', 'Sementes']","['Proteção de Cultivos', 'Especialidades']",2026-09-05,Sem retorno,Prospecção,15.0,912922.6568922582,1.5424276947366242,True,0.9044585987261147,0.0,0.0,0.6,48.0,Planejar,Ampliar share
1141,Coxilha Cerealista,80.686.477/0001-69,Rio Pardo,Henrique Vasques,2024-03-20,120.0,Soja,Inativo,Sul-Litoral,Rodrigo Vianna,Sudeste,82,32,2200,250800,0.31,0.0,0.0,34212.64,2025-02-23,574.0,0.0,[],"['Fertilizantes', 'Sementes', 'Proteção de Cultivos', 'Especialidades']",2026-08-28,Aberto,Agronômico,23.0,48525.53188609467,-1.0,False,0.1337579617834395,1.0,1.0,0.25555555555555554,50.0,Planejar,Reativar
1142,União Sementes,62.943.688/0001-19,Rio Pardo,Henrique Vasques,2018-06-21,1500.0,Arroz,Ativo,Sul-Litoral,Rodrigo Vianna,Sudeste,833,188,2200,2246200,0.49,181281.61,181281.61,54408.340000000004,2026-09-09,11.0,0.08070590775532009,"['Fertilizantes', 'Sementes']","['Proteção de Cultivos', 'Especialidades']",2026-05-12,Ganho,Renegociação,131.0,253319.86417283036,2.331871731429409,True,0.6114649681528662,0.0,0.0,0.0,24.0,Manter,Ampliar share
1143,Santa Fé Granja,33.886.232/0001-65,Santa Maria,Henrique Vasques,2024-01-27,1500.0,Milho,Ativo,Sul-Litoral,Rodrigo Vianna,Sudeste,629,242,2200,1916200,0.38,150280.08000000002,88493.39,135027.6,2026-07-09,73.0,0.07842609330967541,"['Proteção de Cultivos', 'Sementes']","['Fertilizantes', 'Especialidades']",2026-06-12,Sem retorno,Renegociação,100.0,220472.01011217944,-0.344627394695603,True,0.5605095541401274,0.344627394695603,0.05416666666666667,0.6,44.0,Planejar,Recuperar volume
1144,União Agrícola,54.631.390/0001-20,Santa Maria,Henrique Vasques,2020-04-21,700.0,Soja/Milho,Inativo,Sul-Litoral,Rodrigo Vianna,Sudeste,541,226,1800,1380600,0.21,33658.729999999996,33658.729999999996,0.0,2026-09-17,3.0,0.024379784151818046,"['Especialidades', 'Sementes']","['Fertilizantes', 'Proteção de Cultivos']",2026-06-12,Em negociação,Renegociação,100.0,233463.8749519231,,True,0.5732484076433121,0.0,0.0,1.0,43.0,Planejar,Destravar negociação
1145,União Fazenda,29.275.774/0001-89,Santa Maria,Ivana Corrêa,2021-10-02,2000.0,Soja,Ativo,Vale-Central,Simone Abreu,Sudeste,1166,310,3000,4428000,0.14,729601.11,422401.5,171832.84,2026-08-05,46.0,0.16476989837398373,"['Especialidades', 'Fertilizantes', 'Proteção de Cultivos', 'Sementes']",[],2026-08-09,Aberto,Pós-venda,42.0,127141.53430473362,1.4582117131975472,True,0.42038216560509556,0.0,0.0,0.4666666666666667,26.0,Manter,Destravar negociação
1146,Recanto Agropecuária,83.526.732/0001-91,Pelotas,Ivana Corrêa,2016-08-21,3200.0,Soja/Milho,Ativo,Vale-Central,Simone Abreu,Sudeste,1666,957,3400,8918200,0.64,150357.06,75777.5,10958.58,2026-08-20,31.0,0.01685957480209011,"['Fertilizantes', 'Sementes']","['Proteção de Cultivos', 'Especialidades']",2026-07-02,Aberto,Pós-venda,80.0,1575162.8700899899,5.9149013832084085,True,1.0,0.0,0.0,0.8888888888888888,58.0,Planejar,Destravar negociação
1147,Herval Cerealista,19.805.161/0001-30,Encruzilhada do Sul,Ivana Corrêa,2023-07-16,540.0,Soja/Milho,Ativo,Vale-Central,Simone Abreu,Sudeste,362,161,3400,1778200,0.08,72771.69,72771.69,5491.27,2026-08-12,39.0,0.04092435609042853,"['Especialidades', 'Fertilizantes', 'Sementes']",['Proteção de Cultivos'],2026-07-07,Aberto,Cotação,75.0,271279.74859590724,12.25225130070093,True,0.6369426751592356,0.0,0.0,0.8333333333333334,42.0,Planejar,Destravar negociação
1148,Passo Fundo Granja,26.878.479/0001-75,São Lourenço do Sul,Ivana Corrêa,2024-02-11,700.0,Soja,Ativo,Vale-Central,Simone Abreu,Sudeste,502,278,2600,2028000,0.77,43510.899999999994,36936.38,73997.5,2026-09-12,8.0,0.021455078895463508,"['Especialidades', 'Sementes']","['Fertilizantes', 'Proteção de Cultivos']",2026-03-05,Perdido,Reclamação,199.0,348872.5874999999,-0.5008428663130511,True,0.6942675159235668,0.5008428663130511,0.0,0.5,50.0,Planejar,Recuperar volume
1149,Bela Vista Agro,16.397.493/0001-88,Canguçu,Ivana Corrêa,2022-04-28,300.0,Soja/Milho,Inativo,Vale-Central,Simone Abreu,Sudeste,188,55,3400,826200,0.17,0.0,0.0,3337.92,2025-05-04,504.0,0.0,[],"['Fertilizantes', 'Sementes', 'Proteção de Cultivos', 'Especialidades']",2025-11-03,Aberto,Cotação,321.0,159855.63973002956,-1.0,False,0.46496815286624205,1.0,1.0,1.0,79.0,Atacar agora,Destravar negociação
1150,Campo Novo Cerealista,69.610.415/0001-73,Santa Maria,Ivana Corrêa,2016-02-13,1200.0,Milho,Ativo,Vale-Central,Simone Abreu,Sudeste,866,152,3000,3054000,0.28,404783.67,207486.88,163111.46,2026-08-31,20.0,0.13254213163064832,"['Especialidades', 'Fertilizantes', 'Sementes']",['Proteção de Cultivos'],2026-08-16,Aberto,Agronômico,35.0,186113.35703402356,0.27205580772804083,True,0.5159235668789809,0.0,0.0,0.3888888888888889,28.0,Manter,Destravar negociação
1151,Palmares Granja,73.711.963/0001-93,Camaquã,Ivana Corrêa,2023-05-18,120.0,Soja,Ativo,Vale-Central,Simone Abreu,Sudeste,70,19,1800,160200,0.72,288570.03,201357.7,166889.56,2026-08-08,43.0,1.8013110486891388,"['Especialidades', 'Fertilizantes', 'Proteção de Cultivos', 'Sementes']",[],2026-05-22,Perdido,Pós-venda,121.0,0.0,0.20653263151991053,True,0.0,0.0,0.0,0.5,10.0,Manter,Manter relacionamento
1152,Capão Alto Agrícola,56.146.510/0001-16,Pelotas,Ivana Corrêa,2024-04-12,700.0,Soja,Ativo,Vale-Central,Simone Abreu,Sudeste,296,118,2600,1076400,0.18,205389.1,203455.12,179385.56,2026-09-18,2.0,0.19081112969156447,"['Especialidades', 'Fertilizantes', 'Proteção de Cultivos', 'Sementes']",[],2026-09-17,Sem retorno,Prospecção,3.0,2875.98182692306,0.13417780115634725,True,0.012738853503184714,0.0,0.0,0.6,13.0,Manter,Ampliar share
1153,Tarumã Agro,25.231.199/0001-60,Pelotas,Ivana Corrêa,2021-06-18,2000.0,Milho,Inativo,Vale-Central,Simone Abreu,Sudeste,1452,566,2600,5246800,0.32,0.0,0.0,0.0,,,0.0,[],"['Fertilizantes', 'Sementes', 'Proteção de Cultivos', 'Especialidades']",,,,,1015166.5099679487,,False,0.9363057324840764,0.0,1.0,0.4,,,Ampliar share
1154,Cerro Azul Sementes,27.830.441/0001-70,Camaquã,Ivana Corrêa,2024-08-05,,Soja/Trigo,Ativo,Vale-Central,Simone Abreu,Sudeste,280,128,2200,897600,0.16,107560.62,81347.28,50317.66,2026-07-01,81.0,0.11983135026737968,"['Especialidades', 'Fertilizantes', 'Proteção de Cultivos']",['Sementes'],2026-01-31,Ganho,Pós-venda,232.0,66109.70464497039,0.6166745432915599,True,0.20382165605095542,0.0,0.0875,0.0,9.0,Manter,Ampliar share
1155,Coxilha Granja,88.857.962/0001-48,São Lourenço do Sul,Ivana Corrêa,2021-09-27,300.0,Arroz,Ativo,Vale-Central,Simone Abreu,Sudeste,239,86,2200,715000,,35461.8,35461.8,112777.2,2026-05-17,126.0,0.04959692307692308,['Proteção de Cultivos'],"['Fertilizantes', 'Sementes', 'Especialidades']",2026-02-21,Sem retorno,Renegociação,211.0,102878.53213141025,-0.6855587831582979,True,0.34394904458598724,0.6855587831582979,0.275,0.6,47.0,Planejar,Recuperar volume
1156,União Agro,96.212.526/0001-84,Camaquã,Ivana Corrêa,2020-12-28,700.0,Soja,Ativo,Vale-Central,Simone Abreu,Sudeste,285,139,3400,1441600,0.22,302691.65,223040.96,137725.98,2026-08-01,50.0,0.20996923557158714,"['Especialidades', 'Fertilizantes', 'Proteção de Cultivos', 'Sementes']",[],2025-09-30,Sem retorno,Renegociação,355.0,0.0,0.6194545139558998,True,0.0,0.0,0.0,0.6,12.0,Manter,Manter relacionamento
1157,Herval Estância,71.274.636/0001-90,Canguçu,Ivana Corrêa,2022-03-27,120.0,Soja,Ativo,Vale-Central,Simone Abreu,Sudeste,90,20,2200,242000,0.38,58777.0,58777.0,56596.53,2026-08-30,21.0,0.2428801652892562,"['Especialidades', 'Fertilizantes']","['Sementes', 'Proteção de Cultivos']",2026-09-09,Aberto,Prospecção,11.0,0.0,0.0385265669114343,True,0.0,0.0,0.0,0.2,4.0,Manter,Cross-sell
1158,Dois Marcos Cerealista,63.255.522/0001-98,Camaquã,Ivana Corrêa,2019-07-17,1200.0,Arroz,Ativo,Vale-Central,Simone Abreu,Sudeste,692,384,1800,1936800,0.39,375317.86,200192.16999999998,78678.9,2026-07-28,54.0,0.1937824555968608,"['Especialidades', 'Fertilizantes', 'Proteção de Cultivos', 'Sementes']",[],2026-07-24,Ganho,Prospecção,58.0,0.0,1.5444200414596545,True,0.0,0.0,0.0,0.0,0.0,Manter,Manter relacionamento
1159,Três Irmãos Agrícola,94.589.638/0001-58,Canguçu,Ivana Corrêa,2021-03-15,1500.0,Soja/Milho,Inativo,Vale-Central,Simone Abreu,Sudeste,874,570,1800,2599200,0.39,0.0,0.0,0.0,,,0.0,[],"['Fertilizantes', 'Sementes', 'Proteção de Cultivos', 'Especialidades']",2026-02-16,Perdido,Prospecção,216.0,502900.96681952657,,False,0.7834394904458599,0.0,1.0,0.5,,,Ampliar share
1160,Guajuviras Estância,45.671.405/0001-38,Rio Pardo,João Pedro Sartori,2020-05-23,480.0,Arroz,Ativo,Vale-Central,Simone Abreu,Sudeste,341,136,2600,1240200,0.3,268424.48,206331.98,136858.2,2026-08-23,28.0,0.21643644573455892,"['Fertilizantes', 'Proteção de Cultivos', 'Sementes']",['Especialidades'],2026-09-01,Sem retorno,Renegociação,19.0,0.0,0.5076333022062252,True,0.0,0.0,0.0,0.6,12.0,Manter,Manter relacionamento
1161,Campo Novo Agro,46.224.687/0001-96,São Lourenço do Sul,João Pedro Sartori,2024-07-13,1500.0,Milho,Ativo,Vale-Central,Simone Abreu,Sudeste,1139,175,2600,3416400,0.22,142955.94,127417.79999999999,0.0,2026-08-26,25.0,0.04184402880224798,"['Fertilizantes', 'Proteção de Cultivos', 'Sementes']",['Especialidades'],2026-07-06,Sem retorno,Agronômico,76.0,518059.31971153844,,True,0.7961783439490446,0.0,0.0,0.6,44.0,Planejar,Ampliar share
1162,Progresso Agropecuária,66.771.362/0001-71,Pelotas,João Pedro Sartori,2019-04-27,250.0,Soja/Trigo,Ativo,Vale-Central,Simone Abreu,Sudeste,108,93,2200,442200,0.49,156449.88999999998,28349.56,78516.98,2026-04-30,143.0,0.3537989371325192,"['Especialidades', 'Fertilizantes', 'Proteção de Cultivos', 'Sementes']",[],2026-09-06,Perdido,Cotação,14.0,0.0,-0.6389372082319009,True,0.0,0.6389372082319009,0.3458333333333333,0.5,31.0,Manter,Recuperar volume
1163,Bela Vista Agrícola,40.348.151/0001-95,Cachoeira do Sul,João Pedro Sartori,2024-04-21,2000.0,Soja,Ativo,Vale-Central,Simone Abreu,Sudeste,1007,493,2200,3300000,,1046693.23,868943.75,336884.58,2026-09-18,2.0,0.31717976666666664,"['Especialidades', 'Fertilizantes', 'Proteção de Cultivos', 'Sementes']",[],2026-07-23,Perdido,Pós-venda,59.0,0.0,1.5793515096476067,True,0.0,0.0,0.0,0.5,10.0,Manter,Manter relacionamento
1164,Lajeado Granja,10.663.261/0001-62,Rio Pardo,João Pedro Sartori,2023-08-21,250.0,Soja/Milho,Ativo,Vale-Central,Simone Abreu,Sudeste,127,94,2200,486200,,213205.3,82719.44,10138.38,2026-09-16,4.0,0.43851357466063345,"['Especialidades', 'Fertilizantes', 'Proteção de Cultivos', 'Sementes']",[],2026-09-01,Ganho,Pós-venda,19.0,0.0,7.159039215338151,True,0.0,0.0,0.0,0.0,0.0,Manter,Manter relacionamento
1165,Campo Novo Estância,39.647.856/0001-14,Camaquã,João Pedro Sartori,2018-07-27,250.0,Soja,Ativo,Vale-Central,Simone Abreu,Sudeste,154,59,3400,724200,0.69,138817.09,101987.81,74849.61,2026-05-22,121.0,0.19168336095001381,"['Especialidades', 'Fertilizantes', 'Sementes']",['Proteção de Cultivos'],2026-08-08,Ganho,Reclamação,43.0,1303.2855658283806,0.36256969141188566,True,0.006369426751592357,0.0,0.25416666666666665,0.0,4.0,Manter,Ampliar share
1166,Piraí Agro,11.405.681/0001-87,Santa Maria,João Pedro Sartori,2017-06-10,,Soja/Trigo,Ativo,Vale-Central,Simone Abreu,Sudeste,87,63,2200,330000,0.16,95709.88,95709.88,137278.92,2026-09-10,10.0,0.2900299393939394,['Proteção de Cultivos'],"['Fertilizantes', 'Sementes', 'Especialidades']",2026-06-03,Em negociação,Prospecção,109.0,0.0,-0.30280716077894554,True,0.0,0.30280716077894554,0.0,1.0,28.0,Manter,Destravar negociação
1167,Santa Fé Agro,44.297.928/0001-24,Santa Maria,João Pedro Sartori,2021-03-24,1500.0,Soja/Milho,Ativo,Vale-Central,Simone Abreu,Sudeste,631,318,3000,2847000,0.63,142052.16999999998,142052.16999999998,79927.07,2026-07-05,77.0,0.04989538812785387,"['Especialidades', 'Sementes']","['Fertilizantes', 'Proteção de Cultivos']",2025-07-08,Ganho,Reclamação,439.0,408793.87975961535,0.777272330888646,True,0.732484076433121,0.0,0.07083333333333333,0.0,30.0,Manter,Ampliar share
1168,Butiá Agropecuária,96.875.297/0001-32,São Lourenço do Sul,João Pedro Sartori,2022-07-17,540.0,Arroz,Ativo,Vale-Central,Simone Abreu,Sudeste,414,96,3400,1734000,0.67,185946.48,115095.67,146036.44,2026-08-21,30.0,0.10723557093425606,"['Especialidades', 'Fertilizantes', 'Proteção de Cultivos']",['Sementes'],2025-08-23,Perdido,Cotação,393.0,149553.0107914201,-0.2118702017112989,True,0.45222929936305734,0.2118702017112989,0.0,0.5,33.0,Manter,Ampliar share
1169,Guarita Agrícola,41.106.367/0001-59,Santa Maria,João Pedro Sartori,2019-08-25,1200.0,Soja/Milho,Ativo,Vale-Central,Simone Abreu,Sudeste,529,450,3000,2937000,0.26,244717.7,142251.71,335127.24,2026-09-16,4.0,0.08332233571671774,"['Especialidades', 'Fertilizantes', 'Proteção de Cultivos', 'Sementes']",[],2026-05-01,Em negociação,Prospecção,142.0,323541.8181397928,-0.575529252710105,True,0.6751592356687898,0.575529252710105,0.0,1.0,61.0,Atacar agora,Destravar negociação
1170,União Agropecuária,98.341.163/0001-95,Pelotas,João Pedro Sartori,2017-08-10,3200.0,Soja/Trigo,Ativo,Vale-Central,Simone Abreu,Sudeste,1416,1075,3400,8469400,0.2,349580.48000000004,293327.57,151303.26,2026-07-06,76.0,0.041275707842350115,"['Especialidades', 'Fertilizantes', 'Sementes']",['Proteção de Cultivos'],2026-08-26,Perdido,Prospecção,25.0,1289104.2877675048,0.9386731654030454,True,0.9681528662420382,0.0,0.06666666666666667,0.5,50.0,Planejar,Ampliar share
1171,União Fazenda,38.324.236/0001-71,Pelotas,João Pedro Sartori,2018-08-24,700.0,Soja/Milho,Inativo,Vale-Central,Simone Abreu,Sudeste,354,151,3400,1717000,0.75,9162.47,9162.47,0.0,2026-02-10,222.0,0.00533632498543972,['Proteção de Cultivos'],"['Fertilizantes', 'Sementes', 'Especialidades']",2026-09-02,Aberto,Prospecção,18.0,323047.8100973866,,False,0.6687898089171974,0.0,0.675,0.2,41.0,Planejar,Reativar
1172,Lajeado Agro,20.638.557/0001-77,Canguçu,João Pedro Sartori,2021-02-19,480.0,Soja/Trigo,Ativo,Vale-Central,Simone Abreu,Sudeste,277,162,3000,1317000,0.32,179793.36000000002,152470.48,0.0,2026-09-02,18.0,0.1365173576309795,"['Especialidades', 'Fertilizantes', 'Sementes']",['Proteção de Cultivos'],2026-04-02,Perdido,Agronômico,171.0,75023.72729659759,,True,0.2356687898089172,0.0,0.0,0.5,19.0,Manter,Ampliar share
1173,Faxinal Cerealista,76.552.219/0001-97,Santa Maria,João Pedro Sartori,2019-12-19,300.0,Soja/Trigo,Ativo,Vale-Central,Simone Abreu,Sudeste,225,36,2200,574200,0.08,111947.72,89223.70999999999,13570.32,2026-08-24,27.0,0.1949629397422501,"['Especialidades', 'Fertilizantes', 'Proteção de Cultivos', 'Sementes']",[],2025-07-28,Perdido,Pós-venda,419.0,0.0,5.574915698377046,True,0.0,0.0,0.0,0.5,10.0,Manter,Manter relacionamento
1174,Cangussu Agropecuária,63.567.677/0001-17,Rio Pardo,João Pedro Sartori,2024-08-22,300.0,Soja,Ativo,Vale-Central,Simone Abreu,Sudeste,235,100,2600,871000,0.66,65067.19,11462.54,11544.49,2026-08-27,24.0,0.07470400688863375,"['Especialidades', 'Fertilizantes', 'Proteção de Cultivos']",['Sementes'],2026-04-18,Em negociação,Agronômico,155.0,103456.48732371791,-0.007098624538632636,True,0.3503184713375796,0.007098624538632636,0.0,1.0,34.0,Manter,Destravar negociação
1175,Piraí Estância,19.146.533/0001-54,Camaquã,João Pedro Sartori,2017-09-02,480.0,Soja,Inativo,Vale-Central,Simone Abreu,Sudeste,246,85,3400,1125400,0.17,0.0,0.0,0.0,,,0.0,[],"['Fertilizantes', 'Sementes', 'Proteção de Cultivos', 'Especialidades']",2026-05-31,Ganho,Reclamação,112.0,217745.7479450197,,False,0.554140127388535,0.0,1.0,0.0,,,Ampliar share
1176,Herval Agropecuária,27.884.756/0001-92,Pelotas,João Pedro Sartori,2022-06-13,900.0,Arroz,Ativo,Vale-Central,Simone Abreu,Sudeste,449,157,2200,1333200,0.67,148499.66,141784.75,53046.88,2026-08-12,39.0,0.11138588358835884,"['Especialidades', 'Fertilizantes', 'Proteção de Cultivos', 'Sementes']",[],2026-05-19,Perdido,Prospecção,124.0,109451.85160502954,1.6728197775250875,True,0.3821656050955414,0.0,0.0,0.5,25.0,Manter,Ampliar share
1177,Tarumã Fazenda,25.282.650/0001-60,Santa Maria,João Pedro Sartori,2024-03-24,3200.0,Soja,Inativo,Vale-Central,Simone Abreu,Sudeste,1378,499,2200,4129400,,94983.8,94983.8,0.0,2026-04-22,151.0,0.023001840461083934,['Sementes'],"['Fertilizantes', 'Proteção de Cultivos', 'Especialidades']",2026-07-10,Sem retorno,Cotação,72.0,703984.8258789446,,True,0.8789808917197452,0.0,0.37916666666666665,0.6,53.0,Planejar,Ampliar share
1178,Santa Rita Estância,64.644.488/0001-39,Rio Pardo,Karina Lemes,2019-08-12,3200.0,Milho,Ativo,Vale-Central,Simone Abreu,Sudeste,2534,434,3000,8904000,0.08,287548.61,109712.23,67102.22,2026-09-09,11.0,0.032294318283917336,"['Especialidades', 'Proteção de Cultivos', 'Sementes']",['Fertilizantes'],2025-11-29,Sem retorno,Reclamação,295.0,1435223.861745562,0.6350014947344513,True,0.9808917197452229,0.0,0.0,0.6,51.0,Planejar,Ampliar share
1179,Dois Marcos Agropecuária,40.311.168/0001-22,Encruzilhada do Sul,Karina Lemes,2016-08-20,,Soja,Ativo,Vale-Central,Simone Abreu,Sudeste,431,245,3000,2028000,0.64,49061.840000000004,5119.15,90005.23999999999,2026-03-27,177.0,0.024192228796844184,"['Fertilizantes', 'Proteção de Cultivos']","['Sementes', 'Especialidades']",,,,,343321.6474999999,-0.9431238670104096,True,0.6878980891719745,0.9431238670104096,0.4875,0.4,66.0,Atacar agora,Recuperar volume
1180,Ipê Agropecuária,79.322.872/0001-17,Encruzilhada do Sul,Karina Lemes,2018-09-10,1200.0,Soja/Trigo,Ativo,Vale-Central,Simone Abreu,Sudeste,504,450,1800,1717200,0.09,130960.13,112387.8,325805.35,2026-06-04,108.0,0.07626376077335197,"['Especialidades', 'Proteção de Cultivos', 'Sementes']",['Fertilizantes'],2026-06-11,Ganho,Prospecção,101.0,201288.84669378697,-0.6550461801808963,True,0.5414012738853503,0.6550461801808963,0.2,0.0,41.0,Planejar,Recuperar volume
1181,Campo Novo Granja,94.633.326/0001-62,Canguçu,Karina Lemes,2020-05-02,540.0,Soja/Trigo,Ativo,Vale-Central,Simone Abreu,Sudeste,394,101,1800,891000,0.8,162440.4,64340.5,152388.45,2026-09-10,10.0,0.1823124579124579,"['Especialidades', 'Fertilizantes', 'Proteção de Cultivos', 'Sementes']",[],2026-09-10,Sem retorno,Prospecção,10.0,9952.936963757384,-0.577786242986263,True,0.01910828025477707,0.577786242986263,0.0,0.6,27.0,Manter,Recuperar volume
1182,Butiá Sementes,92.787.490/0001-77,Rio Pardo,Karina Lemes,2021-12-14,120.0,Soja/Milho,Ativo,Vale-Central,Simone Abreu,Sudeste,77,25,3400,346800,0.54,15538.74,8041.57,23793.15,2026-08-17,34.0,0.0448060553633218,"['Especialidades', 'Proteção de Cultivos']","['Fertilizantes', 'Sementes']",2026-08-17,Sem retorno,Renegociação,34.0,51561.15815828402,-0.6620216322765167,True,0.15286624203821655,0.6620216322765167,0.0,0.6,35.0,Manter,Recuperar volume
1183,Tarumã Agrícola,48.978.824/0001-28,Rio Pardo,Karina Lemes,2023-01-18,480.0,Arroz,Ativo,Vale-Central,Simone Abreu,Sudeste,325,74,2600,1037400,0.77,17282.77,17282.77,3633.05,2026-08-15,36.0,0.016659697320223637,"['Especialidades', 'Proteção de Cultivos']","['Fertilizantes', 'Sementes']",2026-07-08,Ganho,Agronômico,74.0,183436.47552884615,3.7570966543262543,True,0.5031847133757962,0.0,0.0,0.0,20.0,Manter,Ampliar share
1184,Santa Fé Agrícola,36.438.762/0001-20,Encruzilhada do Sul,Karina Lemes,2023-06-03,480.0,Milho,Ativo,Vale-Central,Simone Abreu,Sudeste,213,63,2200,607200,0.44,124480.90000000001,103025.8,8418.51,2026-06-11,101.0,0.20500806982872202,"['Especialidades', 'Fertilizantes', 'Proteção de Cultivos', 'Sementes']",[],2025-07-28,Perdido,Renegociação,419.0,0.0,11.238008863801314,True,0.0,0.0,0.17083333333333334,0.5,13.0,Manter,Manter relacionamento
1185,Três Irmãos Estância,87.140.994/0001-19,Encruzilhada do Sul,Karina Lemes,2019-10-24,3200.0,Milho,Ativo,Vale-Central,Simone Abreu,Sudeste,1776,564,2200,5148000,0.2,508790.7,409147.39,361280.82999999996,2026-09-20,0.0,0.09883269230769232,"['Especialidades', 'Fertilizantes', 'Proteção de Cultivos', 'Sementes']",[],2025-06-10,Sem retorno,Pós-venda,467.0,487259.6913461537,0.1324912810901151,True,0.7707006369426752,0.0,0.0,0.6,43.0,Planejar,Ampliar share
1186,Herval Cerealista,37.294.859/0001-25,São Lourenço do Sul,Karina Lemes,2023-04-23,,Milho,Ativo,Vale-Central,Simone Abreu,Sudeste,109,37,2200,321200,,153236.86,141208.87,5206.45,2026-05-22,121.0,0.4770761519302615,"['Especialidades', 'Fertilizantes']","['Sementes', 'Proteção de Cultivos']",2026-08-15,Em negociação,Pós-venda,36.0,0.0,26.121910322772713,True,0.0,0.0,0.25416666666666665,0.4,12.0,Manter,Destravar negociação
1187,Piraí Cerealista,69.646.764/0001-55,São Lourenço do Sul,Karina Lemes,2020-05-12,540.0,Arroz,Ativo,Vale-Central,Simone Abreu,Sudeste,254,164,2600,1086800,0.57,167073.87,142715.15000000002,65050.43,2026-06-20,92.0,0.1537300975340449,"['Especialidades', 'Fertilizantes', 'Proteção de Cultivos']",['Sementes'],2025-01-16,Em negociação,Pós-venda,612.0,43203.43483974357,1.1939155513653028,True,0.10828025477707007,0.0,0.13333333333333333,1.0,26.0,Manter,Destravar negociação
1188,Sobradinho Fazenda,57.420.523/0001-15,Rio Pardo,Karina Lemes,2019-12-05,700.0,Soja/Trigo,Ativo,Vale-Central,Simone Abreu,Sudeste,518,110,2200,1381600,0.05,295313.3,267709.13,172371.78,2026-09-05,15.0,0.21374732194557033,"['Fertilizantes', 'Proteção de Cultivos', 'Sementes']",['Especialidades'],2025-03-06,Perdido,Prospecção,563.0,0.0,0.5530914051012294,True,0.0,0.0,0.0,0.5,10.0,Manter,Manter relacionamento
1189,Lajeado Estância,39.488.683/0001-41,Santa Maria,Karina Lemes,2023-09-21,480.0,Soja/Milho,Inativo,Vale-Central,Simone Abreu,Sudeste,296,76,2600,967200,0.4,15814.71,15814.71,3571.25,2026-07-19,63.0,0.016351023573200993,"['Especialidades', 'Proteção de Cultivos']","['Fertilizantes', 'Sementes']",2025-01-31,Perdido,Agronômico,597.0,171322.0301923077,3.4283402170108506,True,0.47770700636942676,0.0,0.0125,0.5,29.0,Manter,Ampliar share
1190,Sanga Funda Agro,55.273.243/0001-79,Rio Pardo,Karina Lemes,2023-03-18,1200.0,Soja,Inativo,Vale-Central,Simone Abreu,Sudeste,914,127,3400,3539400,0.45,79643.29,79643.29,101694.72,2026-01-08,255.0,0.022501918404249307,['Fertilizantes'],"['Sementes', 'Proteção de Cultivos', 'Especialidades']",2026-03-08,Ganho,Pós-venda,196.0,605170.3764977809,-0.21683947799846448,False,0.8471337579617835,0.21683947799846448,0.8125,0.0,51.0,Planejar,Reativar
1191,Santa Fé Agropecuária,10.522.240/0001-90,Cachoeira do Sul,Karina Lemes,2019-02-23,,Milho,Ativo,Vale-Central,Simone Abreu,Sudeste,506,159,2600,1729000,0.69,33420.15,33420.15,95134.33,2026-07-22,60.0,0.01932917871602082,['Proteção de Cultivos'],"['Fertilizantes', 'Sementes', 'Especialidades']",2025-12-06,Aberto,Agronômico,288.0,301111.9258814102,-0.648705677540379,True,0.6560509554140127,0.648705677540379,0.0,1.0,62.0,Atacar agora,Destravar negociação
1192,Faxinal Agro,91.782.731/0001-71,São Lourenço do Sul,Karina Lemes,2023-01-01,120.0,Arroz,Ativo,Vale-Central,Simone Abreu,Sudeste,48,25,3000,219000,0.6,106506.17,7909.59,11516.52,2026-09-05,15.0,0.4863295433789954,['Fertilizantes'],"['Sementes', 'Proteção de Cultivos', 'Especialidades']",2026-08-29,Perdido,Renegociação,22.0,0.0,-0.3131961738441821,True,0.0,0.3131961738441821,0.0,0.5,18.0,Manter,Recuperar volume
1193,São João Agropecuária,12.614.932/0001-99,Pelotas,Karina Lemes,2022-03-04,1500.0,Soja/Trigo,Inativo,Vale-Central,Simone Abreu,Sudeste,643,495,2600,2958800,0.6,47246.52,47246.52,78665.34,2026-09-17,3.0,0.015968135730701636,['Proteção de Cultivos'],"['Fertilizantes', 'Sementes', 'Especialidades']",,,,,525230.9271474358,-0.3993985152800459,True,0.802547770700637,0.3993985152800459,0.0,0.4,50.0,Planejar,Recuperar volume
1194,Passo Fundo Cerealista,42.934.462/0001-44,Canguçu,Karina Lemes,2022-02-12,2000.0,Arroz,Inativo,Vale-Central,Simone Abreu,Sudeste,1197,574,2200,3896200,0.56,42875.97,42875.97,0.0,2026-05-22,121.0,0.011004560854165598,['Proteção de Cultivos'],"['Fertilizantes', 'Sementes', 'Especialidades']",2026-07-30,Perdido,Prospecção,52.0,710972.4244760848,,True,0.89171974522293,0.0,0.25416666666666665,0.5,49.0,Planejar,Ampliar share
1195,Ipê Cerealista,93.978.765/0001-14,Pelotas,Karina Lemes,2017-07-13,3200.0,Arroz,Ativo,Vale-Central,Simone Abreu,Sudeste,1548,1230,3400,9445200,0.38,294261.72000000003,242392.91,430294.02,2026-07-16,66.0,0.031154630923643758,"['Especialidades', 'Fertilizantes', 'Proteção de Cultivos', 'Sementes']",[],2026-07-26,Sem retorno,Prospecção,56.0,1533223.7416050294,-0.436680737510598,True,0.9936305732484076,0.436680737510598,0.025,0.6,63.0,Atacar agora,Recuperar volume
1196,Três Irmãos Agropecuária,65.760.903/0001-52,Santa Maria,Karina Lemes,2017-09-02,250.0,Soja/Trigo,Ativo,Vale-Central,Simone Abreu,Sudeste,127,59,3000,558000,0.69,29899.9,29899.9,15155.380000000001,2026-03-13,191.0,0.05358405017921147,['Proteção de Cultivos'],"['Fertilizantes', 'Sementes', 'Especialidades']",2026-09-01,Aberto,Pós-venda,19.0,78063.60395710057,0.9728901551792168,False,0.24203821656050956,0.0,0.5458333333333333,0.2111111111111111,22.0,Manter,Reativar
1197,Herval Estância,79.677.773/0001-14,Camaquã,Karina Lemes,2018-06-01,250.0,Soja/Trigo,Inativo,Vale-Central,Simone Abreu,Sudeste,116,52,2200,369600,,0.0,0.0,0.0,,,0.0,[],"['Fertilizantes', 'Sementes', 'Proteção de Cultivos', 'Especialidades']",2026-07-21,Ganho,Renegociação,61.0,71511.31014792899,,False,0.2229299363057325,0.0,1.0,0.0,,,Ampliar share
1198,Passo Fundo Sementes,82.346.680/0001-59,Cachoeira do Sul,Diego Fontoura,2024-06-13,540.0,Milho,Ativo,Campanha,Patrícia Nunes,Sul,233,119,3400,1196800,,164186.08000000002,76042.90000000001,53802.67,2026-09-20,0.0,0.1371875668449198,"['Especialidades', 'Proteção de Cultivos', 'Sementes']",['Fertilizantes'],2026-04-18,Sem retorno,Reclamação,155.0,67374.35285996052,0.41336666005609035,True,0.21019108280254778,0.0,0.0,0.6,20.0,Manter,Ampliar share
1199,Recanto Granja,39.958.177/0001-53,Camaquã,Diego Fontoura,2022-06-01,250.0,Arroz,Ativo,Campanha,Patrícia Nunes,Sul,181,35,2600,561600,0.79,365047.18,141428.87,166395.13,2026-08-07,44.0,0.6500127849002849,"['Especialidades', 'Fertilizantes', 'Proteção de Cultivos', 'Sementes']",[],2026-04-17,Ganho,Prospecção,156.0,0.0,-0.1500420114458879,True,0.0,0.1500420114458879,0.0,0.0,4.0,Manter,Manter relacionamento
1200,Bom Retiro Cerealista,65.290.796/0001-84,São Lourenço do Sul,Diego Fontoura,2022-02-25,1500.0,Milho,Ativo,Campanha,Patrícia Nunes,Sul,691,279,1800,1746000,0.74,383912.55,316511.55,286529.86,2026-07-31,51.0,0.2198811855670103,"['Especialidades', 'Fertilizantes', 'Proteção de Cultivos', 'Sementes']",[],2026-09-16,Perdido,Pós-venda,4.0,0.0,0.1046372269891871,True,0.0,0.0,0.0,0.5,10.0,Manter,Manter relacionamento
1201,Nova Esperança Fazenda,91.257.857/0001-59,Pelotas,Diego Fontoura,2021-06-04,300.0,Soja/Milho,Ativo,Campanha,Patrícia Nunes,Sul,231,67,1800,536400,0.3,47577.22,47577.22,120016.26,2026-08-04,47.0,0.08869727815063386,"['Proteção de Cultivos', 'Sementes']","['Fertilizantes', 'Especialidades']",2025-12-21,Perdido,Reclamação,273.0,56207.051545857976,-0.6035768819991558,True,0.17197452229299362,0.6035768819991558,0.0,0.5,32.0,Manter,Recuperar volume
1202,Cangussu Granja,21.291.541/0001-67,Pelotas,Diego Fontoura,2024-09-17,250.0,Soja,Ativo,Campanha,Patrícia Nunes,Sul,176,78,3000,762000,0.25,88853.42,48252.08,5268.24,2026-05-22,121.0,0.11660553805774278,"['Proteção de Cultivos', 'Sementes']","['Fertilizantes', 'Especialidades']",2026-02-24,Perdido,Cotação,208.0,58580.61228550294,8.159051220141832,True,0.17834394904458598,0.0,0.25416666666666665,0.5,21.0,Manter,Ampliar share
1203,Recanto Granja,51.984.494/0001-11,Cachoeira do Sul,Diego Fontoura,2020-07-13,2000.0,Soja/Trigo,Ativo,Campanha,Patrícia Nunes,Sul,1335,687,3000,6066000,0.55,531651.94,268316.05,133021.01,2026-04-27,146.0,0.08764456643587207,"['Especialidades', 'Fertilizantes', 'Sementes']",['Proteção de Cultivos'],2025-12-02,Aberto,Cotação,292.0,642015.8288239643,1.0170952693863922,True,0.8598726114649682,0.0,0.35833333333333334,1.0,60.0,Atacar agora,Destravar negociação
1204,Ipê Agrícola,44.408.374/0001-73,Encruzilhada do Sul,Diego Fontoura,2018-02-06,300.0,Arroz,Ativo,Campanha,Patrícia Nunes,Sul,156,99,2200,561000,,11254.05,11254.05,97295.0,2026-08-20,31.0,0.020060695187165772,['Fertilizantes'],"['Sementes', 'Proteção de Cultivos', 'Especialidades']",2026-02-03,Perdido,Cotação,229.0,97289.9029031065,-0.8843306439179814,True,0.31210191082802546,0.8843306439179814,0.0,0.5,45.0,Planejar,Recuperar volume
1205,União Agro,41.838.740/0001-73,Cachoeira do Sul,Diego Fontoura,2019-08-04,700.0,Soja,Ativo,Campanha,Patrícia Nunes,Sul,386,140,2600,1367600,0.07,326302.44,273413.84,150328.62,2026-08-30,21.0,0.23859494004094764,"['Especialidades', 'Fertilizantes', 'Proteção de Cultivos', 'Sementes']",[],,,,,0.0,0.8187743624600561,True,0.0,0.0,0.0,0.4,8.0,Manter,Primeiro contato
